[
    {
        "Airline": "United Airlines",
        "BookingID": "{59698318-62dc-476c-aeff-d71cfad57932}",
        "FromDate": "20210104",
        "Price": "1499.000000",
        "ToDate": "20210109",
        "TravelID": 14,
        "Type": "Flight",
        "fromdestination": "FRA",
        "fromdestlatitude": "50.0385",
        "fromdestlongitude": "50.0385",
        "todestination": "ORD",
        "todestlatitude": "41.981",
        "todestlongitude": "-87.909"
    },
    {
        "BookingID": "{9015c459-495d-47f2-8840-349d8b156c55}",
        "FromDate": "20210104",
        "Price": "466.000000",
        "ToDate": "20210109",
        "TravelID": 14,
        "Type": "RentalCar",
        "company": "Avis",
        "pickuplatitude": "41.9931",
        "pickuplocation": "Chicago OHare Intl Airport",
        "pickuplongitude": "-87.8823",
        "returnlatitude": "-87.8823",
        "returnlocation": "Chicago OHare Intl Airport",
        "returnlongiude": "-87.8823",
        "vehicleclass": "CCAR"
    },
    {
        "BookingID": "{08379003-e608-4f70-810a-abf7c3b2c866}",
        "FromDate": "20210104",
        "Hotel": "Mark Twain Hotel",
        "Hotellatitude": "40.6936",
        "Hotellongiude": "-89.5875",
        "Price": "501.030000",
        "Roomtype": "Einzelzimmer",
        "ToDate": "20210109",
        "Town": "Peoria",
        "TravelID": 14,
        "Type": "Hotel"
    },
    {
        "Airline": "United Airlines",
        "BookingID": "{db29e0ea-0ee1-4fcb-a746-bd2556a5249a}",
        "FromDate": "20210109",
        "Price": "1358.000000",
        "ToDate": "20210110",
        "TravelID": 14,
        "Type": "Flight",
        "fromdestination": "ORD",
        "fromdestlatitude": "41.981",
        "fromdestlongitude": "41.981",
        "todestination": "FRA",
        "todestlatitude": "50.0385",
        "todestlongitude": "8.56448"
    },
    {
        "Airline": "Air France",
        "BookingID": "{c63bf861-95de-43a5-a754-15d5ed2b45ab}",
        "FromDate": "20210608",
        "Price": "330.000000",
        "ToDate": "20210608",
        "TravelID": 15,
        "Type": "Flight",
        "fromdestination": "STR",
        "fromdestlatitude": "48.6879",
        "fromdestlongitude": "48.6879",
        "todestination": "CDG",
        "todestlatitude": "49.008",
        "todestlongitude": "2.55076"
    },
    {
        "BookingID": "{cb0a826b-f6c7-4bdc-8d62-9f5ba24f5134}",
        "FromDate": "20210608",
        "Hotel": "Citadines Saint-Germain-des-Prés",
        "Hotellatitude": "48.8557",
        "Hotellongiude": "2.34091",
        "Price": "751.030000",
        "Roomtype": "Aprtment",
        "ToDate": "20210612",
        "Town": "Paris",
        "TravelID": 15,
        "Type": "Hotel"
    },
    {
        "Airline": "Air France",
        "BookingID": "{f9b6cdff-a5dd-4786-b48f-30a4a59b0f75}",
        "FromDate": "20210612",
        "Price": "290.000000",
        "ToDate": "20210612",
        "TravelID": 15,
        "Type": "Flight",
        "fromdestination": "CDG",
        "fromdestlatitude": "49.008",
        "fromdestlongitude": "49.008",
        "todestination": "STR",
        "todestlatitude": "48.6879",
        "todestlongitude": "9.20562"
    },
    {
        "Airline": "Air Berlin",
        "BookingID": "{7faad2e4-45db-4578-9203-519337d33fa7}",
        "FromDate": "20210201",
        "Price": "258.030000",
        "ToDate": "20210201",
        "TravelID": 5,
        "Type": "Flight",
        "fromdestination": "HAM",
        "fromdestlatitude": "53.6338",
        "fromdestlongitude": "53.6338",
        "todestination": "MUC",
        "todestlatitude": "48.3574",
        "todestlongitude": "11.7761"
    },
    {
        "Airline": "Air Berlin",
        "BookingID": "{3112ebf7-6a99-400d-a933-18140d07e1e6}",
        "FromDate": "20210201",
        "Price": "251.030000",
        "ToDate": "20210201",
        "TravelID": 5,
        "Type": "Flight",
        "fromdestination": "MUC",
        "fromdestlatitude": "48.3574",
        "fromdestlongitude": "48.3574",
        "todestination": "HAM",
        "todestlatitude": "53.6338",
        "todestlongitude": "9.99747"
    },
    {
        "Airline": "Vueling Airlines",
        "BookingID": "{c2780792-d3ba-4b5c-b358-76627563ede0}",
        "FromDate": "20210401",
        "Price": "316.010000",
        "ToDate": "20210401",
        "TravelID": 6,
        "Type": "Flight",
        "fromdestination": "MUC",
        "fromdestlatitude": "48.3574",
        "fromdestlongitude": "48.3574",
        "todestination": "BCN",
        "todestlatitude": "41.3286",
        "todestlongitude": "3.05728"
    },
    {
        "BookingID": "{2da16ce7-b9be-459d-93f8-0d5c4bae4433}",
        "FromDate": "20210401",
        "Price": "111.000000",
        "ToDate": "20210404",
        "TravelID": 6,
        "Type": "RentalCar",
        "company": "Europcar",
        "pickuplatitude": "41.3117",
        "pickuplocation": "BARCELONA FLUGHAFEN TERMINAL 1",
        "pickuplongitude": "2.07648",
        "returnlatitude": "2.07648",
        "returnlocation": "BARCELONA FLUGHAFEN TERMINAL 1",
        "returnlongiude": "2.07648",
        "vehicleclass": "NBMN"
    },
    {
        "BookingID": "{fa089793-0af3-4a18-813c-8bba545d0142}",
        "FromDate": "20210401",
        "Hotel": "Tarraco Park",
        "Hotellatitude": "41.1162",
        "Hotellongiude": "1.21868",
        "Price": "381.010000",
        "Roomtype": "Einzelzimmer",
        "ToDate": "20210405",
        "Town": "Tarragona",
        "TravelID": 6,
        "Type": "Hotel"
    },
    {
        "Airline": "Vueling Airlines",
        "BookingID": "{8fe1239b-d39e-44ca-8993-1ba06d8e592a}",
        "FromDate": "20210404",
        "Price": "288.930000",
        "ToDate": "20210404",
        "TravelID": 6,
        "Type": "Flight",
        "fromdestination": "BCN",
        "fromdestlatitude": "41.3286",
        "fromdestlongitude": "41.3286",
        "todestination": "MUC",
        "todestlatitude": "48.3574",
        "todestlongitude": "11.7761"
    },
    {
        "BookingID": "{b2271438-494a-44cc-9c6b-ea4f7b28a94e}",
        "FromDate": "20210711",
        "Price": "987.000000",
        "ToDate": "20210802",
        "TravelID": 19,
        "Type": "RentalCar",
        "company": "Europcar",
        "pickuplatitude": "49.4606",
        "pickuplocation": "Mannheim Neckarau",
        "pickuplongitude": "8.49158",
        "returnlatitude": "11.968",
        "returnlocation": "Göteborg City",
        "returnlongiude": "11.968",
        "vehicleclass": "ECAR"
    },
    {
        "BookingID": "{2396e61b-1e49-4f22-af05-d125bfa8da20}",
        "FromDate": "20210711",
        "Hotel": "Steigenberger Grand Hotel",
        "Hotellatitude": "51.3408",
        "Hotellongiude": "12.3767",
        "Price": "483.500000",
        "Roomtype": "",
        "ToDate": "20210714",
        "Town": "Leipzig",
        "TravelID": 19,
        "Type": "Hotel"
    },
    {
        "BookingID": "{c13f85ef-efe1-4865-94c7-fb084af29316}",
        "FromDate": "20210714",
        "Hotel": "Hotel Adlon Kempinski",
        "Hotellatitude": "52.5162",
        "Hotellongiude": "13.3807",
        "Price": "1000.000000",
        "Roomtype": "",
        "ToDate": "20210718",
        "Town": "Berlin",
        "TravelID": 19,
        "Type": "Hotel"
    },
    {
        "BookingID": "{fec33eaf-7fb3-495f-b9b6-dab850d4fb34}",
        "FromDate": "20210718",
        "Hotel": "The Fontenay",
        "Hotellatitude": "53.5656",
        "Hotellongiude": "9.99831",
        "Price": "996.230000",
        "Roomtype": "",
        "ToDate": "20210722",
        "Town": "Hamburg",
        "TravelID": 19,
        "Type": "Hotel"
    },
    {
        "BookingID": "{69eca045-d277-4680-972b-e7c2b7195b74}",
        "FromDate": "20210722",
        "Hotel": "Marriott Hotel",
        "Hotellatitude": "55.7308",
        "Hotellongiude": "12.5711",
        "Price": "1269.740000",
        "Roomtype": "Suite",
        "ToDate": "20210724",
        "Town": "Kopenhagen",
        "TravelID": 19,
        "Type": "Hotel"
    },
    {
        "BookingID": "{548f7467-2c18-42eb-ba36-aa94061601f8}",
        "FromDate": "20210724",
        "Hotel": "Scandic Elmia",
        "Hotellatitude": "57.8463",
        "Hotellongiude": "14.2258",
        "Price": "511.230000",
        "Roomtype": "",
        "ToDate": "20210728",
        "Town": "Jönköping",
        "TravelID": 19,
        "Type": "Hotel"
    },
    {
        "BookingID": "{8787a729-8369-42e7-afbe-949b29782373}",
        "FromDate": "20210728",
        "Hotel": "Grand Hotel Stockholm",
        "Hotellatitude": "59.3301",
        "Hotellongiude": "18.0754",
        "Price": "1513.920000",
        "Roomtype": "Suite",
        "ToDate": "20210801",
        "Town": "Stockholm",
        "TravelID": 19,
        "Type": "Hotel"
    },
    {
        "BookingID": "{90ee6f4d-643e-46d0-b8ac-b58ec5cb7c3f}",
        "FromDate": "20210801",
        "Hotel": "Upper House",
        "Hotellatitude": "57.6975",
        "Hotellongiude": "11.9894",
        "Price": "221.000000",
        "Roomtype": "",
        "ToDate": "20210802",
        "Town": "Göteborg",
        "TravelID": 19,
        "Type": "Hotel"
    },
    {
        "Airline": "Scandinavian Airlines",
        "BookingID": "{a0bcaf77-ed93-4532-a3a8-d42c4edba1eb}",
        "FromDate": "20210802",
        "Price": "199.640000",
        "ToDate": "20210802",
        "TravelID": 19,
        "Type": "Flight",
        "fromdestination": "GOT",
        "fromdestlatitude": "57.6689",
        "fromdestlongitude": "57.6689",
        "todestination": "FRA",
        "todestlatitude": "50.0385",
        "todestlongitude": "8.56448"
    },
    {
        "BookingID": "{727fc0e2-c974-4038-9651-48f6bf599fff}",
        "FromDate": "20210802",
        "Price": "52.000000",
        "ToDate": "20210802",
        "TravelID": 19,
        "Type": "RentalCar",
        "company": "Europcar",
        "pickuplatitude": "50.0515",
        "pickuplocation": "Frankfurt Flughafen",
        "pickuplongitude": "8.58697",
        "returnlatitude": "8.49158",
        "returnlocation": "Mannheim Neckarau",
        "returnlongiude": "8.49158",
        "vehicleclass": "NBMN"
    },
    {
        "Airline": "Lufthansa",
        "BookingID": "{0ea8a1a1-5e60-4d5b-aa35-eafad0626145}",
        "FromDate": "20210713",
        "Price": "7905.540000",
        "ToDate": "20210714",
        "TravelID": 20,
        "Type": "Flight",
        "fromdestination": "FRA",
        "fromdestlatitude": "50.0385",
        "fromdestlongitude": "50.0385",
        "todestination": "JNB",
        "todestlatitude": "-26.1365",
        "todestlongitude": "28.2418"
    },
    {
        "Airline": "South African Airways",
        "BookingID": "{6b96043d-24b7-4bd1-924b-056e73c772d7}",
        "FromDate": "20210714",
        "Price": "275.430000",
        "ToDate": "20210714",
        "TravelID": 20,
        "Type": "Flight",
        "fromdestination": "JNB",
        "fromdestlatitude": "-26.1365",
        "fromdestlongitude": "-26.1365",
        "todestination": "WDH",
        "todestlatitude": "-22.4868",
        "todestlongitude": "17.4631"
    },
    {
        "BookingID": "{138214f0-2c8a-4839-8dcc-fa3bf63fe44c}",
        "FromDate": "20210714",
        "Hotel": "Livega House",
        "Hotellatitude": "-22.554",
        "Hotellongiude": "17.0874",
        "Price": "2517.430000",
        "Roomtype": "Suite",
        "ToDate": "20210727",
        "Town": "Windhoek",
        "TravelID": 20,
        "Type": "Hotel"
    },
    {
        "Airline": "South African Airways",
        "BookingID": "{fc8e3fdf-ca9a-46ca-9e7b-5d9ae597c011}",
        "FromDate": "20210727",
        "Price": "289.260000",
        "ToDate": "20210727",
        "TravelID": 20,
        "Type": "Flight",
        "fromdestination": "WDH",
        "fromdestlatitude": "-22.4868",
        "fromdestlongitude": "-22.4868",
        "todestination": "JNB",
        "todestlatitude": "-26.1365",
        "todestlongitude": "28.2418"
    },
    {
        "Airline": "Lufthansa",
        "BookingID": "{11596ec3-fdcf-43d7-a175-47298181d6cb}",
        "FromDate": "20210727",
        "Price": "7764.220000",
        "ToDate": "20210728",
        "TravelID": 20,
        "Type": "Flight",
        "fromdestination": "JNB",
        "fromdestlatitude": "-26.1365",
        "fromdestlongitude": "-26.1365",
        "todestination": "FRA",
        "todestlatitude": "50.0385",
        "todestlongitude": "8.56448"
    },
    {
        "Airline": "Lufthansa",
        "BookingID": "{ca752686-5b87-4de2-8c4e-e378e0dbc2f7}",
        "FromDate": "20210602",
        "Price": "277.010000",
        "ToDate": "20210603",
        "TravelID": 7,
        "Type": "Flight",
        "fromdestination": "STR",
        "fromdestlatitude": "48.6879",
        "fromdestlongitude": "48.6879",
        "todestination": "WAW",
        "todestlatitude": "52.165",
        "todestlongitude": "20.9699"
    },
    {
        "BookingID": "{fe8805f4-1b9d-49ee-9242-e4726acd304b}",
        "FromDate": "20210602",
        "Price": "167.000000",
        "ToDate": "20210603",
        "TravelID": 7,
        "Type": "RentalCar",
        "company": "Europcar",
        "pickuplatitude": "52.171",
        "pickuplocation": "WARSCHAU CHOPIN FLUGHAFEN",
        "pickuplongitude": "20.9739",
        "returnlatitude": "20.9739",
        "returnlocation": "WARSCHAU CHOPIN FLUGHAFEN",
        "returnlongiude": "20.9739",
        "vehicleclass": "ICMR"
    },
    {
        "BookingID": "{1b5d4fc6-34b4-47f7-9319-51fee82d46ce}",
        "FromDate": "20210602",
        "Hotel": "Residence 1898",
        "Hotellatitude": "52.2151",
        "Hotellongiude": "21.0222",
        "Price": "256.020000",
        "Roomtype": "Suite",
        "ToDate": "20210603",
        "Town": "Warschau",
        "TravelID": 7,
        "Type": "Hotel"
    },
    {
        "Airline": "Lufthansa",
        "BookingID": "{15d8d580-9c3b-4511-b9a7-b81b2013133c}",
        "FromDate": "20210603",
        "Price": "288.930000",
        "ToDate": "20210603",
        "TravelID": 7,
        "Type": "Flight",
        "fromdestination": "WAW",
        "fromdestlatitude": "52.165",
        "fromdestlongitude": "52.165",
        "todestination": "STR",
        "todestlatitude": "48.6879",
        "todestlongitude": "9.20562"
    },
    {
        "Airline": "Lufthansa",
        "BookingID": "{92685615-c82e-4596-b218-92f6abad6258}",
        "FromDate": "20210604",
        "Price": "2892.040000",
        "ToDate": "20210605",
        "TravelID": 11,
        "Type": "Flight",
        "fromdestination": "FRA",
        "fromdestlatitude": "50.0385",
        "fromdestlongitude": "50.0385",
        "todestination": "GRU",
        "todestlatitude": "-23.4232",
        "todestlongitude": "-46.4519"
    },
    {
        "Airline": "TAM Linhas Aéreas",
        "BookingID": "{0bcfc185-3f56-43d3-812a-b887ea26202d}",
        "FromDate": "20210605",
        "Price": "234.910000",
        "ToDate": "20210605",
        "TravelID": 11,
        "Type": "Flight",
        "fromdestination": "GRU",
        "fromdestlatitude": "-23.4232",
        "fromdestlongitude": "-23.4232",
        "todestination": "POA",
        "todestlatitude": "-29.9933",
        "todestlongitude": "-51.1749"
    },
    {
        "BookingID": "{2d9b4fad-0b39-40cc-9b89-bbbe969fce9b}",
        "FromDate": "20210605",
        "Price": "1345.000000",
        "ToDate": "20210617",
        "TravelID": 11,
        "Type": "RentalCar",
        "company": "Hertz",
        "pickuplatitude": "-29.9896",
        "pickuplocation": "Porto Alegre Airport",
        "pickuplongitude": "-51.1761",
        "returnlatitude": "-51.1761",
        "returnlocation": "Porto Alegre Airport",
        "returnlongiude": "-51.1761",
        "vehicleclass": "HXAR"
    },
    {
        "BookingID": "{617f1d8f-923e-44f6-8e67-6855a61ce58f}",
        "FromDate": "20210605",
        "Hotel": "Radisson",
        "Hotellatitude": "-30.0304",
        "Hotellongiude": "-51.1926",
        "Price": "2986.000000",
        "Roomtype": "Suite",
        "ToDate": "20210617",
        "Town": "Porto Alegre",
        "TravelID": 11,
        "Type": "Hotel"
    },
    {
        "Airline": "TAM Linhas Aéreas",
        "BookingID": "{6c556b95-4271-43c7-b084-1f59efa0d27b}",
        "FromDate": "20210617",
        "Price": "224.190000",
        "ToDate": "20210617",
        "TravelID": 11,
        "Type": "Flight",
        "fromdestination": "POA",
        "fromdestlatitude": "-29.9933",
        "fromdestlongitude": "-29.9933",
        "todestination": "GRU",
        "todestlatitude": "-23.4232",
        "todestlongitude": "-46.4519"
    },
    {
        "Airline": "Lufthansa",
        "BookingID": "{ee0a6717-6c66-41dd-a53b-886ee105020a}",
        "FromDate": "20210617",
        "Price": "2634.240000",
        "ToDate": "20210618",
        "TravelID": 11,
        "Type": "Flight",
        "fromdestination": "GRU",
        "fromdestlatitude": "-23.4232",
        "fromdestlongitude": "-23.4232",
        "todestination": "FRA",
        "todestlatitude": "50.0385",
        "todestlongitude": "8.56448"
    },
    {
        "Airline": "Indian Airlines",
        "BookingID": "{a7aca452-964e-4a8f-b5de-7f08311edba7}",
        "FromDate": "20210323",
        "Price": "3298.080000",
        "ToDate": "20210323",
        "TravelID": 8,
        "Type": "Flight",
        "fromdestination": "FRA",
        "fromdestlatitude": "50.0385",
        "fromdestlongitude": "50.0385",
        "todestination": "DEL",
        "todestlatitude": "28.5566",
        "todestlongitude": "77.1007"
    },
    {
        "BookingID": "{84e0bab0-7b18-4b72-92fc-204f30290159}",
        "FromDate": "20210323",
        "Hotel": "The Leela Palace",
        "Hotellatitude": "28.5807",
        "Hotellongiude": "77.1893",
        "Price": "556.020000",
        "Roomtype": "",
        "ToDate": "20210325",
        "Town": "New Delhi",
        "TravelID": 8,
        "Type": "Hotel"
    },
    {
        "Airline": "Jet Airways",
        "BookingID": "{264ecd38-2c93-415f-a716-e77df45c5c2b}",
        "FromDate": "20210325",
        "Price": "218.780000",
        "ToDate": "20210325",
        "TravelID": 8,
        "Type": "Flight",
        "fromdestination": "DEL",
        "fromdestlatitude": "28.5566",
        "fromdestlongitude": "28.5566",
        "todestination": "BLR",
        "todestlatitude": "13.2692",
        "todestlongitude": "77.7056"
    },
    {
        "BookingID": "{9a615ce6-3dce-47ea-881f-72edffafe31c}",
        "FromDate": "20210325",
        "Hotel": "The Oberoi",
        "Hotellatitude": "12.9746",
        "Hotellongiude": "77.6185",
        "Price": "611.430000",
        "Roomtype": "",
        "ToDate": "20210328",
        "Town": "Bangalore",
        "TravelID": 8,
        "Type": "Hotel"
    },
    {
        "Airline": "Singapur Airlines",
        "BookingID": "{0dab9a68-550e-4468-a62d-44d2bf1aa631}",
        "FromDate": "20210328",
        "Price": "2778.180000",
        "ToDate": "20210329",
        "TravelID": 8,
        "Type": "Flight",
        "fromdestination": "BLR",
        "fromdestlatitude": "13.2692",
        "fromdestlongitude": "13.2692",
        "todestination": "SIN",
        "todestlatitude": "1.74167",
        "todestlongitude": "103.711"
    },
    {
        "Airline": "All Nippon Airways",
        "BookingID": "{75775af0-a7ca-4117-b0a8-25d602645f45}",
        "FromDate": "20210329",
        "Price": "2543.210000",
        "ToDate": "20210329",
        "TravelID": 8,
        "Type": "Flight",
        "fromdestination": "SIN",
        "fromdestlatitude": "1.74167",
        "fromdestlongitude": "1.74167",
        "todestination": "HND",
        "todestlatitude": "35.5503",
        "todestlongitude": "139.78"
    },
    {
        "BookingID": "{c73f8c87-159a-40dc-8630-2582fadf46ee}",
        "FromDate": "20210329",
        "Hotel": "Daiichi Hotel Annex",
        "Hotellatitude": "35.6707",
        "Hotellongiude": "139.761",
        "Price": "611.430000",
        "Roomtype": "",
        "ToDate": "20210402",
        "Town": "Tokyo",
        "TravelID": 8,
        "Type": "Hotel"
    },
    {
        "Airline": "Lufthansa",
        "BookingID": "{004a36cb-6ba4-43c5-aabc-be0338282e0b}",
        "FromDate": "20210402",
        "Price": "4543.210000",
        "ToDate": "20210402",
        "TravelID": 8,
        "Type": "Flight",
        "fromdestination": "HND",
        "fromdestlatitude": "35.5503",
        "fromdestlongitude": "35.5503",
        "todestination": "FRA",
        "todestlatitude": "50.0385",
        "todestlongitude": "8.56448"
    },
    {
        "Airline": "Vueling Airlines",
        "BookingID": "{4d4a60e0-7e67-4923-8930-c408986235dc}",
        "FromDate": "20210503",
        "Price": "304.010000",
        "ToDate": "20210503",
        "TravelID": 9,
        "Type": "Flight",
        "fromdestination": "MUC",
        "fromdestlatitude": "48.3574",
        "fromdestlongitude": "48.3574",
        "todestination": "BCN",
        "todestlatitude": "41.3286",
        "todestlongitude": "3.05728"
    },
    {
        "BookingID": "{38b4cc80-e8ff-4f19-b101-80d6e4747c7d}",
        "FromDate": "20210503",
        "Price": "123.000000",
        "ToDate": "20210505",
        "TravelID": 9,
        "Type": "RentalCar",
        "company": "Europcar",
        "pickuplatitude": "41.3117",
        "pickuplocation": "BARCELONA FLUGHAFEN TERMINAL 1",
        "pickuplongitude": "2.07648",
        "returnlatitude": "2.07648",
        "returnlocation": "BARCELONA FLUGHAFEN TERMINAL 1",
        "returnlongiude": "2.07648",
        "vehicleclass": "EBMR"
    },
    {
        "BookingID": "{bc17542a-25bc-4623-989e-e3cfd7097f1f}",
        "FromDate": "20210503",
        "Hotel": "Tarraco Park",
        "Hotellatitude": "41.1162",
        "Hotellongiude": "1.21868",
        "Price": "356.010000",
        "Roomtype": "Aprtment",
        "ToDate": "20210505",
        "Town": "Tarragona",
        "TravelID": 9,
        "Type": "Hotel"
    },
    {
        "Airline": "Vueling Airlines",
        "BookingID": "{04ca5bc1-b5ab-4de5-8e5f-0c3c02598481}",
        "FromDate": "20210505",
        "Price": "283.930000",
        "ToDate": "20210505",
        "TravelID": 9,
        "Type": "Flight",
        "fromdestination": "BCN",
        "fromdestlatitude": "41.3286",
        "fromdestlongitude": "41.3286",
        "todestination": "MUC",
        "todestlatitude": "48.3574",
        "todestlongitude": "11.7761"
    },
    {
        "Airline": "Air Berlin",
        "BookingID": "{4fddc08d-7b8e-4e2d-a347-e9c13e080e9c}",
        "FromDate": "20210101",
        "Price": "258.030000",
        "ToDate": "20210101",
        "TravelID": 10,
        "Type": "Flight",
        "fromdestination": "MUC",
        "fromdestlatitude": "48.3574",
        "fromdestlongitude": "48.3574",
        "todestination": "HAM",
        "todestlatitude": "53.6338",
        "todestlongitude": "9.99747"
    },
    {
        "BookingID": "{46d84f5e-874d-4e70-9b85-1bcb553c6edd}",
        "FromDate": "20210101",
        "Hotel": "Hotel Atlantic",
        "Hotellatitude": "53.5569",
        "Hotellongiude": "10.005",
        "Price": "1224.040000",
        "Roomtype": "Einzelzimmer",
        "ToDate": "20210112",
        "Town": "Hamburg",
        "TravelID": 10,
        "Type": "Hotel"
    },
    {
        "Airline": "Air Berlin",
        "BookingID": "{068eb7e7-fe7c-471f-9540-80c1f2506626}",
        "FromDate": "20210112",
        "Price": "251.030000",
        "ToDate": "20210112",
        "TravelID": 10,
        "Type": "Flight",
        "fromdestination": "HAM",
        "fromdestlatitude": "53.6338",
        "fromdestlongitude": "53.6338",
        "todestination": "MUC",
        "todestlatitude": "48.3574",
        "todestlongitude": "11.7761"
    },
    {
        "Airline": "Austrian Airlines",
        "BookingID": "{ca63d90d-71dc-4b11-8516-6d203a5dbb7e}",
        "FromDate": "20210809",
        "Price": "187.930000",
        "ToDate": "20210814",
        "TravelID": 12,
        "Type": "Flight",
        "fromdestination": "FRA",
        "fromdestlatitude": "50.0385",
        "fromdestlongitude": "50.0385",
        "todestination": "VIE",
        "todestlatitude": "48.1181",
        "todestlongitude": "16.5663"
    },
    {
        "BookingID": "{cc3ac52e-52c8-4d99-b76f-d1f24ba6a490}",
        "FromDate": "20210809",
        "Price": "265.000000",
        "ToDate": "20210814",
        "TravelID": 12,
        "Type": "RentalCar",
        "company": "Sixt",
        "pickuplatitude": "48.1219",
        "pickuplocation": "Wien-Schwechat Flughafen",
        "pickuplongitude": "16.5639",
        "returnlatitude": "16.5639",
        "returnlocation": "Wien-Schwechat Flughafen",
        "returnlongiude": "16.5639",
        "vehicleclass": "DBMN"
    },
    {
        "BookingID": "{0c7172fb-0f1c-412e-aaa9-1e9a8eb21c1c}",
        "FromDate": "20210809",
        "Hotel": "Hotel Motto",
        "Hotellatitude": "48.1984",
        "Hotellongiude": "16.3507",
        "Price": "199.990000",
        "Roomtype": "Einzelzimmer",
        "ToDate": "20210814",
        "Town": "Wien",
        "TravelID": 12,
        "Type": "Hotel"
    },
    {
        "Airline": "Austrian Airlines",
        "BookingID": "{ee09d927-810d-47b0-b063-1ee1148cb3ea}",
        "FromDate": "20210814",
        "Price": "167.010000",
        "ToDate": "20210814",
        "TravelID": 12,
        "Type": "Flight",
        "fromdestination": "VIE",
        "fromdestlatitude": "48.1181",
        "fromdestlongitude": "48.1181",
        "todestination": "FRA",
        "todestlatitude": "50.0385",
        "todestlongitude": "8.56448"
    },
    {
        "Airline": "Rhein-Neckar Air",
        "BookingID": "{f3ec14a6-dd96-4221-a985-a05f03b80c5e}",
        "FromDate": "20210313",
        "Price": "145.000000",
        "ToDate": "20210313",
        "TravelID": 13,
        "Type": "Flight",
        "fromdestination": "MHG",
        "fromdestlatitude": "49.4767",
        "fromdestlongitude": "49.4767",
        "todestination": "HAM",
        "todestlatitude": "53.6338",
        "todestlongitude": "9.99747"
    },
    {
        "BookingID": "{080e5a61-953e-4dfe-aec6-4582d5b2b303}",
        "FromDate": "20210313",
        "Price": "765.000000",
        "ToDate": "20210321",
        "TravelID": 13,
        "Type": "RentalCar",
        "company": "Europcar",
        "pickuplatitude": "53.6315",
        "pickuplocation": "Hamburg Flughafen",
        "pickuplongitude": "10.0066",
        "returnlatitude": "10.6346",
        "returnlocation": "Aarhus Flughafen",
        "returnlongiude": "10.6346",
        "vehicleclass": "JTMR"
    },
    {
        "BookingID": "{90dd75e0-8ae2-4e89-acfd-2c0937c4e1b2}",
        "FromDate": "20210313",
        "Hotel": "Thomas Hotel Spa & Lifestyle",
        "Hotellatitude": "54.4753",
        "Hotellongiude": "9.05131",
        "Price": "424.040000",
        "Roomtype": "",
        "ToDate": "20210317",
        "Town": "Husum",
        "TravelID": 13,
        "Type": "Hotel"
    },
    {
        "BookingID": "{e6af8b7d-5b4f-4a7d-96af-d4c771e8ab1c}",
        "FromDate": "20210318",
        "Hotel": "Radisson Blu Scandinavia",
        "Hotellatitude": "56.1528",
        "Hotellongiude": "10.1975",
        "Price": "413.030000",
        "Roomtype": "",
        "ToDate": "20210321",
        "Town": "Aarhus",
        "TravelID": 13,
        "Type": "Hotel"
    },
    {
        "Airline": "Scandinavian Airlines",
        "BookingID": "{5c2a6fe8-457e-4ca9-bc0a-0fc3783d082e}",
        "FromDate": "20210321",
        "Price": "245.000000",
        "ToDate": "20210321",
        "TravelID": 13,
        "Type": "Flight",
        "fromdestination": "AAR",
        "fromdestlatitude": "56.3268",
        "fromdestlongitude": "56.3268",
        "todestination": "BER",
        "todestlatitude": "52.3645",
        "todestlongitude": "13.5099"
    },
    {
        "Airline": "Rhein-Neckar Air",
        "BookingID": "{722fd6de-b92d-49e0-ae6e-a5b0e0974604}",
        "FromDate": "20210321",
        "Price": "165.000000",
        "ToDate": "20210321",
        "TravelID": 13,
        "Type": "Flight",
        "fromdestination": "BER",
        "fromdestlatitude": "52.3645",
        "fromdestlongitude": "52.3645",
        "todestination": "MHG",
        "todestlatitude": "49.4767",
        "todestlongitude": "8.52056"
    },
    {
        "Airline": "Lufthansa",
        "BookingID": "{24ab9d4a-be97-4aea-ad0b-ba3b7b06bf7f}",
        "FromDate": "20210216",
        "Price": "2099.000000",
        "ToDate": "20210216",
        "TravelID": 1,
        "Type": "Flight",
        "fromdestination": "FRA",
        "fromdestlatitude": "50.0385",
        "fromdestlongitude": "50.0385",
        "todestination": "SFO",
        "todestlatitude": "40.9514",
        "todestlongitude": "-122.733"
    },
    {
        "BookingID": "{c7b1781a-13b4-42eb-ad39-dc11f0aeb953}",
        "FromDate": "20210216",
        "Hotel": "Ritz-Carlton",
        "Hotellatitude": "37.4424",
        "Hotellongiude": "-122.445",
        "Price": "1284.000000",
        "Roomtype": "Suite",
        "ToDate": "20210222",
        "Town": "Halfmoon Bay",
        "TravelID": 1,
        "Type": "Hotel"
    },
    {
        "BookingID": "{277ce760-97ac-43cc-b273-277fe5a802d7}",
        "FromDate": "20210216",
        "Price": "299.000000",
        "ToDate": "20210222",
        "TravelID": 1,
        "Type": "RentalCar",
        "company": "Hertz",
        "pickuplatitude": "37.6322",
        "pickuplocation": "San Francisco International Airport",
        "pickuplongitude": "-122.4",
        "returnlatitude": "-122.4",
        "returnlocation": "San Francisco International Airport",
        "returnlongiude": "-122.4",
        "vehicleclass": "CBAR"
    },
    {
        "Airline": "United Airlines",
        "BookingID": "{91ac2bc4-1a69-495f-84d9-f8dc6d313eca}",
        "FromDate": "20210222",
        "Price": "300.000000",
        "ToDate": "20210222",
        "TravelID": 1,
        "Type": "Flight",
        "fromdestination": "SFO",
        "fromdestlatitude": "40.9514",
        "fromdestlongitude": "40.9514",
        "todestination": "PHL",
        "todestlatitude": "41.5617",
        "todestlongitude": "-75.5754"
    },
    {
        "BookingID": "{be2b2486-e85a-45a2-8f03-f7048ccd8f42}",
        "FromDate": "20210222",
        "Hotel": "Courtyard Devon",
        "Hotellatitude": "40.0473",
        "Hotellongiude": "-75.4115",
        "Price": "390.000000",
        "Roomtype": "Einzelzimmer",
        "ToDate": "20210225",
        "Town": "Wayne",
        "TravelID": 1,
        "Type": "Hotel"
    },
    {
        "BookingID": "{7e82cfb2-dd5a-4f6e-b035-379c8695e6ad}",
        "FromDate": "20210222",
        "Price": "119.000000",
        "ToDate": "20210225",
        "TravelID": 1,
        "Type": "RentalCar",
        "company": "Budget",
        "pickuplatitude": "39.8788",
        "pickuplocation": "Philadelphia International Airport",
        "pickuplongitude": "-75.2446",
        "returnlatitude": "-75.2446",
        "returnlocation": "Philadelphia International Airport",
        "returnlongiude": "-75.2446",
        "vehicleclass": "CBAR"
    },
    {
        "Airline": "AirCanada",
        "BookingID": "{53c5d3c1-b57e-4197-95a6-0bfdcd60f4c3}",
        "FromDate": "20210225",
        "Price": "250.490000",
        "ToDate": "20210225",
        "TravelID": 1,
        "Type": "Flight",
        "fromdestination": "PHL",
        "fromdestlatitude": "41.5617",
        "fromdestlongitude": "41.5617",
        "todestination": "YUL",
        "todestlatitude": "45.4659",
        "todestlongitude": "-73.745"
    },
    {
        "BookingID": "{5b7972d6-197e-4210-ad60-c9b97be4ebcd}",
        "FromDate": "20210225",
        "Hotel": "L'Hotel Montreal",
        "Hotellatitude": "45.5032",
        "Hotellongiude": "-73.5586",
        "Price": "360.360000",
        "Roomtype": "Einzelzimmer",
        "ToDate": "20210228",
        "Town": "Montreal",
        "TravelID": 1,
        "Type": "Hotel"
    },
    {
        "Airline": "Air Canada",
        "BookingID": "{0761f6c5-1690-4a09-b45b-ae4c7fd64b72}",
        "FromDate": "20210228",
        "Price": "1850.000000",
        "ToDate": "20210301",
        "TravelID": 1,
        "Type": "Flight",
        "fromdestination": "YUL",
        "fromdestlatitude": "45.4659",
        "fromdestlongitude": "45.4659",
        "todestination": "FRA",
        "todestlatitude": "50.0385",
        "todestlongitude": "8.56448"
    },
    {
        "Airline": "Lufthansa",
        "BookingID": "{34538b71-17b5-47db-a80b-56e68d5e9526}",
        "FromDate": "20210402",
        "Price": "1799.000000",
        "ToDate": "20210402",
        "TravelID": 2,
        "Type": "Flight",
        "fromdestination": "FRA",
        "fromdestlatitude": "50.0385",
        "fromdestlongitude": "50.0385",
        "todestination": "YUL",
        "todestlatitude": "45.4659",
        "todestlongitude": "-73.745"
    },
    {
        "BookingID": "{98a4c05e-d6d9-41c0-8a46-e975c7f63cf4}",
        "FromDate": "20210402",
        "Hotel": "L'Hotel Montreal",
        "Hotellatitude": "45.5032",
        "Hotellongiude": "-73.5586",
        "Price": "245.000000",
        "Roomtype": "Einzelzimmer",
        "ToDate": "20210404",
        "Town": "Montreal",
        "TravelID": 2,
        "Type": "Hotel"
    },
    {
        "Airline": "Delta Airlines",
        "BookingID": "{fb4a35bb-53a0-4d32-aa86-4041c82b1d00}",
        "FromDate": "20210404",
        "Price": "299.000000",
        "ToDate": "20210404",
        "TravelID": 2,
        "Type": "Flight",
        "fromdestination": "YUL",
        "fromdestlatitude": "45.4659",
        "fromdestlongitude": "45.4659",
        "todestination": "PHL",
        "todestlatitude": "41.5617",
        "todestlongitude": "-75.5754"
    },
    {
        "BookingID": "{1ef8a04e-0ca7-40f7-a8e6-78c748b361ac}",
        "FromDate": "20210405",
        "Hotel": "Courtyard Devon",
        "Hotellatitude": "40.0473",
        "Hotellongiude": "-75.4115",
        "Price": "476.000000",
        "Roomtype": "Einzelzimmer",
        "ToDate": "20210408",
        "Town": "Wayne",
        "TravelID": 2,
        "Type": "Hotel"
    },
    {
        "BookingID": "{97cbdd3e-c870-4f9c-be10-5772b0644c8d}",
        "FromDate": "20210404",
        "Price": "166.000000",
        "ToDate": "20210408",
        "TravelID": 2,
        "Type": "RentalCar",
        "company": "Budget",
        "pickuplatitude": "39.8788",
        "pickuplocation": "Philadelphia International Airport",
        "pickuplongitude": "-75.2446",
        "returnlatitude": "-75.2446",
        "returnlocation": "Philadelphia International Airport",
        "returnlongiude": "-75.2446",
        "vehicleclass": "CBAR"
    },
    {
        "Airline": "Southwest Airlines",
        "BookingID": "{6113e430-5311-43f6-aac4-20626b1e3620}",
        "FromDate": "20210408",
        "Price": "260.490000",
        "ToDate": "20210408",
        "TravelID": 2,
        "Type": "Flight",
        "fromdestination": "PHL",
        "fromdestlatitude": "41.5617",
        "fromdestlongitude": "41.5617",
        "todestination": "SFO",
        "todestlatitude": "40.9514",
        "todestlongitude": "-122.733"
    },
    {
        "BookingID": "{8441e11c-2f34-425d-92d0-7a76ba5f517f}",
        "FromDate": "20210408",
        "Hotel": "Crowne Plaza",
        "Hotellatitude": "37.4061",
        "Hotellongiude": "-122.121",
        "Price": "510.360000",
        "Roomtype": "Einzelzimmer",
        "ToDate": "20210412",
        "Town": "PaloAlto",
        "TravelID": 2,
        "Type": "Hotel"
    },
    {
        "BookingID": "{1410e06c-641d-4e6c-adec-c3601f189231}",
        "FromDate": "20210408",
        "Price": "300.000000",
        "ToDate": "20210412",
        "TravelID": 2,
        "Type": "RentalCar",
        "company": "Avis",
        "pickuplatitude": "37.6283",
        "pickuplocation": "San Francisco International Airport",
        "pickuplongitude": "-122.4",
        "returnlatitude": "-122.4",
        "returnlocation": "San Francisco International Airport",
        "returnlongiude": "-122.4",
        "vehicleclass": "ICAR"
    },
    {
        "Airline": "Virgin America",
        "BookingID": "{5b0ffbdd-db02-4000-91db-8f8f390b8280}",
        "FromDate": "20210412",
        "Price": "133.200000",
        "ToDate": "20210412",
        "TravelID": 2,
        "Type": "Flight",
        "fromdestination": "SFO",
        "fromdestlatitude": "40.9514",
        "fromdestlongitude": "40.9514",
        "todestination": "SAN",
        "todestlatitude": "32.7356",
        "todestlongitude": "-117.193"
    },
    {
        "BookingID": "{d07baca4-e44f-4e43-a0ef-54dc090a1bec}",
        "FromDate": "20210412",
        "Price": "111.000000",
        "ToDate": "20210415",
        "TravelID": 2,
        "Type": "RentalCar",
        "company": "Avis",
        "pickuplatitude": "32.7371",
        "pickuplocation": "San Diego International Airport",
        "pickuplongitude": "-117.181",
        "returnlatitude": "-118.387",
        "returnlocation": "Los Angeles International Airport",
        "returnlongiude": "-118.387",
        "vehicleclass": "ECAR"
    },
    {
        "BookingID": "{9245add2-37a4-4e62-b7c1-4fd122277b85}",
        "FromDate": "20210412",
        "Hotel": "Grand Pacific",
        "Hotellatitude": "33.1243",
        "Hotellongiude": "-117.315",
        "Price": "377.360000",
        "Roomtype": "Einzelzimmer",
        "ToDate": "20210415",
        "Town": "Carlsbad",
        "TravelID": 2,
        "Type": "Hotel"
    },
    {
        "Airline": "Lufthansa",
        "BookingID": "{f8def956-47d0-4ce6-8af4-e88a50799355}",
        "FromDate": "20210415",
        "Price": "2594.210000",
        "ToDate": "20210416",
        "TravelID": 2,
        "Type": "Flight",
        "fromdestination": "LAX",
        "fromdestlatitude": "33.9443",
        "fromdestlongitude": "33.9443",
        "todestination": "FRA",
        "todestlatitude": "50.0385",
        "todestlongitude": "8.56448"
    },
    {
        "Airline": "Lufthansa",
        "BookingID": "{fe991f79-20bc-4309-a66b-eadf2b0ec6d3}",
        "FromDate": "20210501",
        "Price": "2332.210000",
        "ToDate": "20210502",
        "TravelID": 3,
        "Type": "Flight",
        "fromdestination": "FRA",
        "fromdestlatitude": "50.0385",
        "fromdestlongitude": "50.0385",
        "todestination": "PVG",
        "todestlatitude": "31.1465",
        "todestlongitude": "121.808"
    },
    {
        "BookingID": "{d0171c80-ff0a-4606-b5b2-24b69170108c}",
        "FromDate": "20210502",
        "Hotel": "Shanghai Marriott",
        "Hotellatitude": "31.2568",
        "Hotellongiude": "121.594",
        "Price": "1101.030000",
        "Roomtype": "",
        "ToDate": "20210510",
        "Town": "Shanghai",
        "TravelID": 3,
        "Type": "Hotel"
    },
    {
        "Airline": "Lufthansa",
        "BookingID": "{a998f2dd-65a4-4141-afa8-f200d3fc30d2}",
        "FromDate": "20210510",
        "Price": "2463.020000",
        "ToDate": "20210510",
        "TravelID": 3,
        "Type": "Flight",
        "fromdestination": "PVG",
        "fromdestlatitude": "31.1465",
        "fromdestlongitude": "31.1465",
        "todestination": "FRA",
        "todestlatitude": "50.0385",
        "todestlongitude": "8.56448"
    },
    {
        "Airline": "Austrian Airlines",
        "BookingID": "{9ee183da-bbb0-49b0-9602-135987e1b369}",
        "FromDate": "20210301",
        "Price": "167.010000",
        "ToDate": "20210301",
        "TravelID": 4,
        "Type": "Flight",
        "fromdestination": "FRA",
        "fromdestlatitude": "50.0385",
        "fromdestlongitude": "50.0385",
        "todestination": "VIE",
        "todestlatitude": "48.1181",
        "todestlongitude": "16.5663"
    },
    {
        "BookingID": "{4e4e262a-10bf-4e59-96af-05b27d47999d}",
        "FromDate": "20210301",
        "Price": "65.000000",
        "ToDate": "20210302",
        "TravelID": 4,
        "Type": "RentalCar",
        "company": "Sixt",
        "pickuplatitude": "48.122",
        "pickuplocation": "Wien-Schwechat Flughafen",
        "pickuplongitude": "16.5639",
        "returnlatitude": "16.5639",
        "returnlocation": "Wien-Schwechat Flughafen",
        "returnlongiude": "16.5639",
        "vehicleclass": "DCMD"
    },
    {
        "BookingID": "{b899f537-eb4d-4ead-8328-36dd71a4a727}",
        "FromDate": "20210301",
        "Hotel": "Hotel Motto",
        "Hotellatitude": "48.1984",
        "Hotellongiude": "16.3507",
        "Price": "199.990000",
        "Roomtype": "",
        "ToDate": "20210302",
        "Town": "Wien",
        "TravelID": 4,
        "Type": "Hotel"
    },
    {
        "Airline": "Austrian Airlines",
        "BookingID": "{1579dafe-96bc-46e6-bfe3-f7638cd25185}",
        "FromDate": "20210302",
        "Price": "167.010000",
        "ToDate": "20210302",
        "TravelID": 4,
        "Type": "Flight",
        "fromdestination": "VIE",
        "fromdestlatitude": "48.1181",
        "fromdestlongitude": "48.1181",
        "todestination": "FRA",
        "todestlatitude": "50.0385",
        "todestlongitude": "8.56448"
    },
    {
        "Airline": "Lufthansa",
        "BookingID": "{9057c66b-9d81-49a4-aac2-d3a3a473b632}",
        "FromDate": "20210309",
        "Price": "2504.010000",
        "ToDate": "20210309",
        "TravelID": 16,
        "Type": "Flight",
        "fromdestination": "MUC",
        "fromdestlatitude": "48.3574",
        "fromdestlongitude": "48.3574",
        "todestination": "PHX",
        "todestlatitude": "33.4354",
        "todestlongitude": "-112.009"
    },
    {
        "BookingID": "{e820eb9b-e6f6-430c-8960-8dac45f571ff}",
        "FromDate": "20210309",
        "Price": "423.000000",
        "ToDate": "20210313",
        "TravelID": 16,
        "Type": "RentalCar",
        "company": "Avis",
        "pickuplatitude": "33.4304",
        "pickuplocation": "Phoenix Sky Harbor Int'l Airport",
        "pickuplongitude": "-112.045",
        "returnlatitude": "-115.165",
        "returnlocation": "McCarran Intl Airport, Las Vegas",
        "returnlongiude": "-115.165",
        "vehicleclass": "IVAR"
    },
    {
        "BookingID": "{107d24ce-39cb-4216-98fe-515c3bea14ef}",
        "FromDate": "20210309",
        "Hotel": "Little America",
        "Hotellatitude": "35.1909",
        "Hotellongiude": "-111.619",
        "Price": "253.870000",
        "Roomtype": "",
        "ToDate": "20210311",
        "Town": "Flagstaff",
        "TravelID": 16,
        "Type": "Hotel"
    },
    {
        "BookingID": "{6ee58579-fdbd-418b-a5b4-804201396e63}",
        "FromDate": "20210311",
        "Hotel": "Bellagio",
        "Hotellatitude": "36.1139",
        "Hotellongiude": "-115.177",
        "Price": "951.110000",
        "Roomtype": "Suite",
        "ToDate": "20210313",
        "Town": "Las Vegas",
        "TravelID": 16,
        "Type": "Hotel"
    },
    {
        "Airline": "Air Canada",
        "BookingID": "{c7425839-9dbd-4a94-8355-953f38489a39}",
        "FromDate": "20210313",
        "Price": "3104.010000",
        "ToDate": "20210314",
        "TravelID": 16,
        "Type": "Flight",
        "fromdestination": "LAS",
        "fromdestlatitude": "36.0842",
        "fromdestlongitude": "36.0842",
        "todestination": "FRA",
        "todestlatitude": "50.0385",
        "todestlongitude": "8.56448"
    },
    {
        "Airline": "Lufthansa",
        "BookingID": "{d6191da2-913f-4c74-b384-8c95f5f1bce2}",
        "FromDate": "20210904",
        "Price": "2892.040000",
        "ToDate": "20210905",
        "TravelID": 17,
        "Type": "Flight",
        "fromdestination": "FRA",
        "fromdestlatitude": "50.0385",
        "fromdestlongitude": "50.0385",
        "todestination": "GRU",
        "todestlatitude": "-23.4232",
        "todestlongitude": "-46.4519"
    },
    {
        "Airline": "TAM Linhas Aereas",
        "BookingID": "{5080c757-c35c-473e-ac6f-fb5c9e9b3906}",
        "FromDate": "20210905",
        "Price": "234.610000",
        "ToDate": "20210905",
        "TravelID": 17,
        "Type": "Flight",
        "fromdestination": "GRU",
        "fromdestlatitude": "-23.4232",
        "fromdestlongitude": "-23.4232",
        "todestination": "POA",
        "todestlatitude": "-29.9933",
        "todestlongitude": "-51.1749"
    },
    {
        "BookingID": "{cfcef90d-1e24-4c4b-95dd-ad381f78aba7}",
        "FromDate": "20210905",
        "Price": "1345.000000",
        "ToDate": "20210917",
        "TravelID": 17,
        "Type": "RentalCar",
        "company": "Avis",
        "pickuplatitude": "-26.2297",
        "pickuplocation": "Porto Alegre Airport",
        "pickuplongitude": "-51.9112",
        "returnlatitude": "-51.9112",
        "returnlocation": "Porto Alegre Airport",
        "returnlongiude": "-51.9112",
        "vehicleclass": "FFBD"
    },
    {
        "BookingID": "{dc83a617-0d20-41f6-968b-a6ae1d394ba4}",
        "FromDate": "20210905",
        "Hotel": "Plaza Sao Rafael",
        "Hotellatitude": "-30.0037",
        "Hotellongiude": "-51.2218",
        "Price": "2986.120000",
        "Roomtype": "Aprtment",
        "ToDate": "20210917",
        "Town": "Porto Alegre",
        "TravelID": 17,
        "Type": "Hotel"
    },
    {
        "Airline": "TAM Linhas Aereas",
        "BookingID": "{2eccbf95-b150-4d2e-aae0-fa260405f4c6}",
        "FromDate": "20210917",
        "Price": "224.130000",
        "ToDate": "20210917",
        "TravelID": 17,
        "Type": "Flight",
        "fromdestination": "POA",
        "fromdestlatitude": "-29.9933",
        "fromdestlongitude": "-29.9933",
        "todestination": "GRU",
        "todestlatitude": "-23.4232",
        "todestlongitude": "-46.4519"
    },
    {
        "Airline": "Lufthansa",
        "BookingID": "{c4f13387-2d0d-4db9-8aee-cf61fbe4c040}",
        "FromDate": "20210917",
        "Price": "2674.340000",
        "ToDate": "20210918",
        "TravelID": 17,
        "Type": "Flight",
        "fromdestination": "GRU",
        "fromdestlatitude": "-23.4232",
        "fromdestlongitude": "-23.4232",
        "todestination": "FRA",
        "todestlatitude": "50.0385",
        "todestlongitude": "8.56448"
    },
    {
        "Airline": "Delta Airlines",
        "BookingID": "{bc3ad056-a13d-4e60-85be-e35b2ac42c2b}",
        "FromDate": "20211012",
        "Price": "3112.120000",
        "ToDate": "20211012",
        "TravelID": 18,
        "Type": "Flight",
        "fromdestination": "MUC",
        "fromdestlatitude": "48.3574",
        "fromdestlongitude": "48.3574",
        "todestination": "LAX",
        "todestlatitude": "33.9443",
        "todestlongitude": "-118.407"
    },
    {
        "BookingID": "{44821150-f5ab-4475-a473-b5c2e2781c6a}",
        "FromDate": "20211012",
        "Price": "212.000000",
        "ToDate": "20211016",
        "TravelID": 18,
        "Type": "RentalCar",
        "company": "Enterprise",
        "pickuplatitude": "33.9585",
        "pickuplocation": "Los Angeles Airport",
        "pickuplongitude": "-118.376",
        "returnlatitude": "-117.21",
        "returnlocation": "San Diego Airport",
        "returnlongiude": "-117.21",
        "vehicleclass": "CBAR"
    },
    {
        "BookingID": "{2805bd15-502c-4e15-aa87-0dd681a7582c}",
        "FromDate": "20211012",
        "Hotel": "Four Seasons Residence Club",
        "Hotellatitude": "33.0975",
        "Hotellongiude": "-117.283",
        "Price": "813.420000",
        "Roomtype": "Einzelzimmer",
        "ToDate": "20211016",
        "Town": "Carlsbad",
        "TravelID": 18,
        "Type": "Hotel"
    },
    {
        "Airline": "Delta Airlines",
        "BookingID": "{0f7b0ab3-bd24-46fc-859d-8ef9c31b3f69}",
        "FromDate": "20211016",
        "Price": "256.420000",
        "ToDate": "20211016",
        "TravelID": 18,
        "Type": "Flight",
        "fromdestination": "SAN",
        "fromdestlatitude": "32.7356",
        "fromdestlongitude": "32.7356",
        "todestination": "ATL",
        "todestlatitude": "33.6332",
        "todestlongitude": "-84.4304"
    },
    {
        "BookingID": "{c9d3e1e3-b10c-4653-945b-807c094dbba6}",
        "FromDate": "20211016",
        "Hotel": "Hilton",
        "Hotellatitude": "33.773",
        "Hotellongiude": "-84.3846",
        "Price": "430.310000",
        "Roomtype": "Suite",
        "ToDate": "20211018",
        "Town": "Atlanta",
        "TravelID": 18,
        "Type": "Hotel"
    },
    {
        "Airline": "Air Canada",
        "BookingID": "{a8e03c1b-f4df-4ac9-9a54-19750cf9a876}",
        "FromDate": "20211018",
        "Price": "215.780000",
        "ToDate": "20211018",
        "TravelID": 18,
        "Type": "Flight",
        "fromdestination": "ATL",
        "fromdestlatitude": "33.6332",
        "fromdestlongitude": "33.6332",
        "todestination": "YYZ",
        "todestlatitude": "43.8709",
        "todestlongitude": "-79.6666"
    },
    {
        "BookingID": "{7dfd06a1-cfc7-4f86-9ef5-400c384609cd}",
        "FromDate": "20211018",
        "Price": "634.000000",
        "ToDate": "20211023",
        "TravelID": 18,
        "Type": "RentalCar",
        "company": "Hertz",
        "pickuplatitude": "43.6854",
        "pickuplocation": "Toronto Airport",
        "pickuplongitude": "-79.6141",
        "returnlatitude": "-73.7519",
        "returnlocation": "Montreal Airport",
        "returnlongiude": "-73.7519",
        "vehicleclass": "IVAR"
    },
    {
        "BookingID": "{6b19a8dc-69e0-4c09-bd4b-0dd2e09dbe10}",
        "FromDate": "20211018",
        "Hotel": "Residence Inn Water's Edge",
        "Hotellatitude": "44.228",
        "Hotellongiude": "-76.4815",
        "Price": "1013.990000",
        "Roomtype": "",
        "ToDate": "20211023",
        "Town": "Kingston",
        "TravelID": 18,
        "Type": "Hotel"
    },
    {
        "Airline": "Air Canada",
        "BookingID": "{2fb24e5f-454b-4170-9eba-23e0b661d22c}",
        "FromDate": "20211023",
        "Price": "2998.650000",
        "ToDate": "20211024",
        "TravelID": 18,
        "Type": "Flight",
        "fromdestination": "YUL",
        "fromdestlatitude": "45.4659",
        "fromdestlongitude": "45.4659",
        "todestination": "FRA",
        "todestlatitude": "50.0385",
        "todestlongitude": "8.56448"
    },
    {
        "BookingID": "{21c292fb-0f95-4cd1-8e76-f97d7ff678b2}",
        "FromDate": "20210809",
        "Price": "2455.000000",
        "ToDate": "20210820",
        "TravelID": 21,
        "Type": "RentalCar",
        "company": "Europcar",
        "pickuplatitude": "49.8902",
        "pickuplocation": "Darmstadt Stadtstation",
        "pickuplongitude": "8.64492",
        "returnlatitude": "-8.66904",
        "returnlocation": "Porto Airport",
        "returnlongiude": "-8.66904",
        "vehicleclass": "PWAR"
    },
    {
        "BookingID": "{dc4915a7-a433-4f50-ab59-4c1286a1bcdd}",
        "FromDate": "20210809",
        "Hotel": "Beau Rivage",
        "Hotellatitude": "46.2093",
        "Hotellongiude": "6.14984",
        "Price": "1793.320000",
        "Roomtype": "",
        "ToDate": "20210812",
        "Town": "Genf",
        "TravelID": 21,
        "Type": "Hotel"
    },
    {
        "BookingID": "{dc3a3e4b-1f92-4241-bd2e-b9f2deb963dd}",
        "FromDate": "20210812",
        "Hotel": "Radisson Blu Hotel",
        "Hotellatitude": "43.2926",
        "Hotellongiude": "5.36737",
        "Price": "516.000000",
        "Roomtype": "Einzelzimmer",
        "ToDate": "20210814",
        "Town": "Marseille",
        "TravelID": 21,
        "Type": "Hotel"
    },
    {
        "BookingID": "{0c659fb8-6070-4ce7-ada2-8020ec85f1ee}",
        "FromDate": "20210814",
        "Hotel": "Grand Hotel de l'Opera",
        "Hotellatitude": "43.6047",
        "Hotellongiude": "1.44424",
        "Price": "447.310000",
        "Roomtype": "Suite",
        "ToDate": "20210816",
        "Town": "Toulouse",
        "TravelID": 21,
        "Type": "Hotel"
    },
    {
        "BookingID": "{7cc20675-9bb1-4af0-880a-f863830fa06e}",
        "FromDate": "20210816",
        "Hotel": "Hotel Ilunion San Mamés",
        "Hotellatitude": "43.2611",
        "Hotellongiude": "-2.95023",
        "Price": "700.000000",
        "Roomtype": "",
        "ToDate": "20210818",
        "Town": "Bilbao",
        "TravelID": 21,
        "Type": "Hotel"
    },
    {
        "BookingID": "{01e8cd55-66fb-414f-b451-9fd63e071e26}",
        "FromDate": "20210818",
        "Hotel": "Oca Ribeira do Porto",
        "Hotellatitude": "41.141",
        "Hotellongiude": "-8.61326",
        "Price": "415.000000",
        "Roomtype": "Aprtment",
        "ToDate": "20210820",
        "Town": "Porto",
        "TravelID": 21,
        "Type": "Hotel"
    },
    {
        "Airline": "TAP Air Portugal",
        "BookingID": "{36fc5f33-fd73-41e7-ad9e-9b591ce09165}",
        "FromDate": "20210820",
        "Price": "311.430000",
        "ToDate": "20210820",
        "TravelID": 21,
        "Type": "Flight",
        "fromdestination": "OPO",
        "fromdestlatitude": "41.2393",
        "fromdestlongitude": "41.2393",
        "todestination": "FRA",
        "todestlatitude": "50.0385",
        "todestlongitude": "8.56448"
    },
    {
        "Airline": "Air France",
        "BookingID": "{85611440-f758-4cfc-ab34-37cb74b0402d}",
        "FromDate": "20211115",
        "Price": "317.230000",
        "ToDate": "20211115",
        "TravelID": 22,
        "Type": "Flight",
        "fromdestination": "MUC",
        "fromdestlatitude": "48.3574",
        "fromdestlongitude": "48.3574",
        "todestination": "CDG",
        "todestlatitude": "49.008",
        "todestlongitude": "2.55076"
    },
    {
        "Airline": "Air France",
        "BookingID": "{bdd73514-3c9e-4940-b6ad-ba5005b737f4}",
        "FromDate": "20211115",
        "Price": "2953.540000",
        "ToDate": "20211116",
        "TravelID": 22,
        "Type": "Flight",
        "fromdestination": "CDG",
        "fromdestlatitude": "49.008",
        "fromdestlongitude": "49.008",
        "todestination": "SCL",
        "todestlatitude": "-33.3754",
        "todestlongitude": "-70.7992"
    },
    {
        "BookingID": "{099f66d4-8ea3-4e66-bf7d-3aff72807ef2}",
        "FromDate": "20211116",
        "Price": "620.000000",
        "ToDate": "20211120",
        "TravelID": 22,
        "Type": "RentalCar",
        "company": "Budget",
        "pickuplatitude": "-33.3959",
        "pickuplocation": "Airport Santiago de Chile",
        "pickuplongitude": "-70.7935",
        "returnlatitude": "-70.7935",
        "returnlocation": "Airport Santiago de Chile",
        "returnlongiude": "-70.7935",
        "vehicleclass": "XPMD"
    },
    {
        "BookingID": "{e329a429-024e-452a-af2f-93daf8a8c7aa}",
        "FromDate": "20211116",
        "Hotel": "Radisson Blu Acqua Hotel",
        "Hotellatitude": "-32.9187",
        "Hotellongiude": "-71.5236",
        "Price": "758.000000",
        "Roomtype": "",
        "ToDate": "20211120",
        "Town": "Viña del Mar",
        "TravelID": 22,
        "Type": "Hotel"
    },
    {
        "Airline": "KLM Royal Dutch Airlines",
        "BookingID": "{f36c53bb-71e2-4f0e-bd8c-246d52662bd0}",
        "FromDate": "20211120",
        "Price": "490.840000",
        "ToDate": "20211120",
        "TravelID": 22,
        "Type": "Flight",
        "fromdestination": "SCL",
        "fromdestlatitude": "-33.3754",
        "fromdestlongitude": "-33.3754",
        "todestination": "EZE",
        "todestlatitude": "-34.8081",
        "todestlongitude": "-58.5041"
    },
    {
        "BookingID": "{190a6599-91d1-4027-9bdd-8d4789e3f2b9}",
        "FromDate": "20211120",
        "Hotel": "Alvear Palace Hotel",
        "Hotellatitude": "-34.5874",
        "Hotellongiude": "-58.3889",
        "Price": "1682.000000",
        "Roomtype": "Suite",
        "ToDate": "20211126",
        "Town": "Buenos Aires",
        "TravelID": 22,
        "Type": "Hotel"
    },
    {
        "Airline": "Lufthansa",
        "BookingID": "{d6235c1b-351a-4491-82cd-9d87a995d5ca}",
        "FromDate": "20211126",
        "Price": "8017.540000",
        "ToDate": "20211127",
        "TravelID": 22,
        "Type": "Flight",
        "fromdestination": "EZE",
        "fromdestlatitude": "-34.8081",
        "fromdestlongitude": "-34.8081",
        "todestination": "FRA",
        "todestlatitude": "50.0385",
        "todestlongitude": "8.56448"
    }
]