[
    {
        "Airline": "United Airlines",
        "BookingID": "{59698318-62dc-476c-aeff-d71cfad57932}",
        "FromDate": "20210104",
        "Price": "1499.000000",
        "ToDate": "20210109",
        "TravelID": 14,
        "Type": "Flight"
    },
    {
        "Airline": "United Airlines",
        "BookingID": "{db29e0ea-0ee1-4fcb-a746-bd2556a5249a}",
        "FromDate": "20210109",
        "Price": "1358.000000",
        "ToDate": "20210110",
        "TravelID": 14,
        "Type": "Flight"
    },
    {
        "Airline": "Air France",
        "BookingID": "{c63bf861-95de-43a5-a754-15d5ed2b45ab}",
        "FromDate": "20210608",
        "Price": "330.000000",
        "ToDate": "20210608",
        "TravelID": 15,
        "Type": "Flight"
    },
    {
        "Airline": "Air France",
        "BookingID": "{f9b6cdff-a5dd-4786-b48f-30a4a59b0f75}",
        "FromDate": "20210612",
        "Price": "290.000000",
        "ToDate": "20210612",
        "TravelID": 15,
        "Type": "Flight"
    },
    {
        "Airline": "Air Berlin",
        "BookingID": "{7faad2e4-45db-4578-9203-519337d33fa7}",
        "FromDate": "20210201",
        "Price": "258.030000",
        "ToDate": "20210201",
        "TravelID": 5,
        "Type": "Flight"
    },
    {
        "Airline": "Air Berlin",
        "BookingID": "{3112ebf7-6a99-400d-a933-18140d07e1e6}",
        "FromDate": "20210201",
        "Price": "251.030000",
        "ToDate": "20210201",
        "TravelID": 5,
        "Type": "Flight"
    },
    {
        "Airline": "Vueling Airlines",
        "BookingID": "{c2780792-d3ba-4b5c-b358-76627563ede0}",
        "FromDate": "20210401",
        "Price": "316.010000",
        "ToDate": "20210401",
        "TravelID": 6,
        "Type": "Flight"
    },
    {
        "Airline": "Vueling Airlines",
        "BookingID": "{8fe1239b-d39e-44ca-8993-1ba06d8e592a}",
        "FromDate": "20210404",
        "Price": "288.930000",
        "ToDate": "20210404",
        "TravelID": 6,
        "Type": "Flight"
    },
    {
        "Airline": "Scandinavian Airlines",
        "BookingID": "{a0bcaf77-ed93-4532-a3a8-d42c4edba1eb}",
        "FromDate": "20210802",
        "Price": "199.640000",
        "ToDate": "20210802",
        "TravelID": 19,
        "Type": "Flight"
    },
    {
        "Airline": "Lufthansa",
        "BookingID": "{0ea8a1a1-5e60-4d5b-aa35-eafad0626145}",
        "FromDate": "20210713",
        "Price": "7905.540000",
        "ToDate": "20210714",
        "TravelID": 20,
        "Type": "Flight"
    },
    {
        "Airline": "South African Airways",
        "BookingID": "{6b96043d-24b7-4bd1-924b-056e73c772d7}",
        "FromDate": "20210714",
        "Price": "275.430000",
        "ToDate": "20210714",
        "TravelID": 20,
        "Type": "Flight"
    },
    {
        "Airline": "South African Airways",
        "BookingID": "{fc8e3fdf-ca9a-46ca-9e7b-5d9ae597c011}",
        "FromDate": "20210727",
        "Price": "289.260000",
        "ToDate": "20210727",
        "TravelID": 20,
        "Type": "Flight"
    },
    {
        "Airline": "Lufthansa",
        "BookingID": "{11596ec3-fdcf-43d7-a175-47298181d6cb}",
        "FromDate": "20210727",
        "Price": "7764.220000",
        "ToDate": "20210728",
        "TravelID": 20,
        "Type": "Flight"
    },
    {
        "Airline": "Lufthansa",
        "BookingID": "{ca752686-5b87-4de2-8c4e-e378e0dbc2f7}",
        "FromDate": "20210602",
        "Price": "277.010000",
        "ToDate": "20210603",
        "TravelID": 7,
        "Type": "Flight"
    },
    {
        "Airline": "Lufthansa",
        "BookingID": "{15d8d580-9c3b-4511-b9a7-b81b2013133c}",
        "FromDate": "20210603",
        "Price": "288.930000",
        "ToDate": "20210603",
        "TravelID": 7,
        "Type": "Flight"
    },
    {
        "Airline": "Lufthansa",
        "BookingID": "{92685615-c82e-4596-b218-92f6abad6258}",
        "FromDate": "20210604",
        "Price": "2892.040000",
        "ToDate": "20210605",
        "TravelID": 11,
        "Type": "Flight"
    },
    {
        "Airline": "TAM Linhas Aéreas",
        "BookingID": "{0bcfc185-3f56-43d3-812a-b887ea26202d}",
        "FromDate": "20210605",
        "Price": "234.910000",
        "ToDate": "20210605",
        "TravelID": 11,
        "Type": "Flight"
    },
    {
        "Airline": "TAM Linhas Aéreas",
        "BookingID": "{6c556b95-4271-43c7-b084-1f59efa0d27b}",
        "FromDate": "20210617",
        "Price": "224.190000",
        "ToDate": "20210617",
        "TravelID": 11,
        "Type": "Flight"
    },
    {
        "Airline": "Lufthansa",
        "BookingID": "{ee0a6717-6c66-41dd-a53b-886ee105020a}",
        "FromDate": "20210617",
        "Price": "2634.240000",
        "ToDate": "20210618",
        "TravelID": 11,
        "Type": "Flight"
    },
    {
        "Airline": "Indian Airlines",
        "BookingID": "{a7aca452-964e-4a8f-b5de-7f08311edba7}",
        "FromDate": "20210323",
        "Price": "3298.080000",
        "ToDate": "20210323",
        "TravelID": 8,
        "Type": "Flight"
    },
    {
        "Airline": "Jet Airways",
        "BookingID": "{264ecd38-2c93-415f-a716-e77df45c5c2b}",
        "FromDate": "20210325",
        "Price": "218.780000",
        "ToDate": "20210325",
        "TravelID": 8,
        "Type": "Flight"
    },
    {
        "Airline": "Singapur Airlines",
        "BookingID": "{0dab9a68-550e-4468-a62d-44d2bf1aa631}",
        "FromDate": "20210328",
        "Price": "2778.180000",
        "ToDate": "20210329",
        "TravelID": 8,
        "Type": "Flight"
    },
    {
        "Airline": "All Nippon Airways",
        "BookingID": "{75775af0-a7ca-4117-b0a8-25d602645f45}",
        "FromDate": "20210329",
        "Price": "2543.210000",
        "ToDate": "20210329",
        "TravelID": 8,
        "Type": "Flight"
    },
    {
        "Airline": "Lufthansa",
        "BookingID": "{004a36cb-6ba4-43c5-aabc-be0338282e0b}",
        "FromDate": "20210402",
        "Price": "4543.210000",
        "ToDate": "20210402",
        "TravelID": 8,
        "Type": "Flight"
    },
    {
        "Airline": "Vueling Airlines",
        "BookingID": "{4d4a60e0-7e67-4923-8930-c408986235dc}",
        "FromDate": "20210503",
        "Price": "304.010000",
        "ToDate": "20210503",
        "TravelID": 9,
        "Type": "Flight"
    },
    {
        "Airline": "Vueling Airlines",
        "BookingID": "{04ca5bc1-b5ab-4de5-8e5f-0c3c02598481}",
        "FromDate": "20210505",
        "Price": "283.930000",
        "ToDate": "20210505",
        "TravelID": 9,
        "Type": "Flight"
    },
    {
        "Airline": "Air Berlin",
        "BookingID": "{4fddc08d-7b8e-4e2d-a347-e9c13e080e9c}",
        "FromDate": "20210101",
        "Price": "258.030000",
        "ToDate": "20210101",
        "TravelID": 10,
        "Type": "Flight"
    },
    {
        "Airline": "Air Berlin",
        "BookingID": "{068eb7e7-fe7c-471f-9540-80c1f2506626}",
        "FromDate": "20210112",
        "Price": "251.030000",
        "ToDate": "20210112",
        "TravelID": 10,
        "Type": "Flight"
    },
    {
        "Airline": "Austrian Airlines",
        "BookingID": "{ca63d90d-71dc-4b11-8516-6d203a5dbb7e}",
        "FromDate": "20210809",
        "Price": "187.930000",
        "ToDate": "20210814",
        "TravelID": 12,
        "Type": "Flight"
    },
    {
        "Airline": "Austrian Airlines",
        "BookingID": "{ee09d927-810d-47b0-b063-1ee1148cb3ea}",
        "FromDate": "20210814",
        "Price": "167.010000",
        "ToDate": "20210814",
        "TravelID": 12,
        "Type": "Flight"
    },
    {
        "Airline": "Rhein-Neckar Air",
        "BookingID": "{f3ec14a6-dd96-4221-a985-a05f03b80c5e}",
        "FromDate": "20210313",
        "Price": "145.000000",
        "ToDate": "20210313",
        "TravelID": 13,
        "Type": "Flight"
    },
    {
        "Airline": "Scandinavian Airlines",
        "BookingID": "{5c2a6fe8-457e-4ca9-bc0a-0fc3783d082e}",
        "FromDate": "20210321",
        "Price": "245.000000",
        "ToDate": "20210321",
        "TravelID": 13,
        "Type": "Flight"
    },
    {
        "Airline": "Rhein-Neckar Air",
        "BookingID": "{722fd6de-b92d-49e0-ae6e-a5b0e0974604}",
        "FromDate": "20210321",
        "Price": "165.000000",
        "ToDate": "20210321",
        "TravelID": 13,
        "Type": "Flight"
    },
    {
        "Airline": "Lufthansa",
        "BookingID": "{24ab9d4a-be97-4aea-ad0b-ba3b7b06bf7f}",
        "FromDate": "20210216",
        "Price": "2099.000000",
        "ToDate": "20210216",
        "TravelID": 1,
        "Type": "Flight"
    },
    {
        "Airline": "United Airlines",
        "BookingID": "{91ac2bc4-1a69-495f-84d9-f8dc6d313eca}",
        "FromDate": "20210222",
        "Price": "300.000000",
        "ToDate": "20210222",
        "TravelID": 1,
        "Type": "Flight"
    },
    {
        "Airline": "AirCanada",
        "BookingID": "{53c5d3c1-b57e-4197-95a6-0bfdcd60f4c3}",
        "FromDate": "20210225",
        "Price": "250.490000",
        "ToDate": "20210225",
        "TravelID": 1,
        "Type": "Flight"
    },
    {
        "Airline": "Air Canada",
        "BookingID": "{0761f6c5-1690-4a09-b45b-ae4c7fd64b72}",
        "FromDate": "20210228",
        "Price": "1850.000000",
        "ToDate": "20210301",
        "TravelID": 1,
        "Type": "Flight"
    },
    {
        "Airline": "Lufthansa",
        "BookingID": "{34538b71-17b5-47db-a80b-56e68d5e9526}",
        "FromDate": "20210402",
        "Price": "1799.000000",
        "ToDate": "20210402",
        "TravelID": 2,
        "Type": "Flight"
    },
    {
        "Airline": "Delta Airlines",
        "BookingID": "{fb4a35bb-53a0-4d32-aa86-4041c82b1d00}",
        "FromDate": "20210404",
        "Price": "299.000000",
        "ToDate": "20210404",
        "TravelID": 2,
        "Type": "Flight"
    },
    {
        "Airline": "Southwest Airlines",
        "BookingID": "{6113e430-5311-43f6-aac4-20626b1e3620}",
        "FromDate": "20210408",
        "Price": "260.490000",
        "ToDate": "20210408",
        "TravelID": 2,
        "Type": "Flight"
    },
    {
        "Airline": "Virgin America",
        "BookingID": "{5b0ffbdd-db02-4000-91db-8f8f390b8280}",
        "FromDate": "20210412",
        "Price": "133.200000",
        "ToDate": "20210412",
        "TravelID": 2,
        "Type": "Flight"
    },
    {
        "Airline": "Lufthansa",
        "BookingID": "{f8def956-47d0-4ce6-8af4-e88a50799355}",
        "FromDate": "20210415",
        "Price": "2594.210000",
        "ToDate": "20210416",
        "TravelID": 2,
        "Type": "Flight"
    },
    {
        "Airline": "Lufthansa",
        "BookingID": "{fe991f79-20bc-4309-a66b-eadf2b0ec6d3}",
        "FromDate": "20210501",
        "Price": "2332.210000",
        "ToDate": "20210502",
        "TravelID": 3,
        "Type": "Flight"
    },
    {
        "Airline": "Lufthansa",
        "BookingID": "{a998f2dd-65a4-4141-afa8-f200d3fc30d2}",
        "FromDate": "20210510",
        "Price": "2463.020000",
        "ToDate": "20210510",
        "TravelID": 3,
        "Type": "Flight"
    },
    {
        "Airline": "Austrian Airlines",
        "BookingID": "{9ee183da-bbb0-49b0-9602-135987e1b369}",
        "FromDate": "20210301",
        "Price": "167.010000",
        "ToDate": "20210301",
        "TravelID": 4,
        "Type": "Flight"
    },
    {
        "Airline": "Austrian Airlines",
        "BookingID": "{1579dafe-96bc-46e6-bfe3-f7638cd25185}",
        "FromDate": "20210302",
        "Price": "167.010000",
        "ToDate": "20210302",
        "TravelID": 4,
        "Type": "Flight"
    },
    {
        "Airline": "Lufthansa",
        "BookingID": "{9057c66b-9d81-49a4-aac2-d3a3a473b632}",
        "FromDate": "20210309",
        "Price": "2504.010000",
        "ToDate": "20210309",
        "TravelID": 16,
        "Type": "Flight"
    },
    {
        "Airline": "Air Canada",
        "BookingID": "{c7425839-9dbd-4a94-8355-953f38489a39}",
        "FromDate": "20210313",
        "Price": "3104.010000",
        "ToDate": "20210314",
        "TravelID": 16,
        "Type": "Flight"
    },
    {
        "Airline": "Lufthansa",
        "BookingID": "{d6191da2-913f-4c74-b384-8c95f5f1bce2}",
        "FromDate": "20210904",
        "Price": "2892.040000",
        "ToDate": "20210905",
        "TravelID": 17,
        "Type": "Flight"
    },
    {
        "Airline": "TAM Linhas Aereas",
        "BookingID": "{5080c757-c35c-473e-ac6f-fb5c9e9b3906}",
        "FromDate": "20210905",
        "Price": "234.610000",
        "ToDate": "20210905",
        "TravelID": 17,
        "Type": "Flight"
    },
    {
        "Airline": "TAM Linhas Aereas",
        "BookingID": "{2eccbf95-b150-4d2e-aae0-fa260405f4c6}",
        "FromDate": "20210917",
        "Price": "224.130000",
        "ToDate": "20210917",
        "TravelID": 17,
        "Type": "Flight"
    },
    {
        "Airline": "Lufthansa",
        "BookingID": "{c4f13387-2d0d-4db9-8aee-cf61fbe4c040}",
        "FromDate": "20210917",
        "Price": "2674.340000",
        "ToDate": "20210918",
        "TravelID": 17,
        "Type": "Flight"
    },
    {
        "Airline": "Delta Airlines",
        "BookingID": "{bc3ad056-a13d-4e60-85be-e35b2ac42c2b}",
        "FromDate": "20211012",
        "Price": "3112.120000",
        "ToDate": "20211012",
        "TravelID": 18,
        "Type": "Flight"
    },
    {
        "Airline": "Delta Airlines",
        "BookingID": "{0f7b0ab3-bd24-46fc-859d-8ef9c31b3f69}",
        "FromDate": "20211016",
        "Price": "256.420000",
        "ToDate": "20211016",
        "TravelID": 18,
        "Type": "Flight"
    },
    {
        "Airline": "Air Canada",
        "BookingID": "{a8e03c1b-f4df-4ac9-9a54-19750cf9a876}",
        "FromDate": "20211018",
        "Price": "215.780000",
        "ToDate": "20211018",
        "TravelID": 18,
        "Type": "Flight"
    },
    {
        "Airline": "Air Canada",
        "BookingID": "{2fb24e5f-454b-4170-9eba-23e0b661d22c}",
        "FromDate": "20211023",
        "Price": "2998.650000",
        "ToDate": "20211024",
        "TravelID": 18,
        "Type": "Flight"
    },
    {
        "Airline": "TAP Air Portugal",
        "BookingID": "{36fc5f33-fd73-41e7-ad9e-9b591ce09165}",
        "FromDate": "20210820",
        "Price": "311.430000",
        "ToDate": "20210820",
        "TravelID": 21,
        "Type": "Flight"
    },
    {
        "Airline": "Air France",
        "BookingID": "{85611440-f758-4cfc-ab34-37cb74b0402d}",
        "FromDate": "20211115",
        "Price": "317.230000",
        "ToDate": "20211115",
        "TravelID": 22,
        "Type": "Flight"
    },
    {
        "Airline": "Air France",
        "BookingID": "{bdd73514-3c9e-4940-b6ad-ba5005b737f4}",
        "FromDate": "20211115",
        "Price": "2953.540000",
        "ToDate": "20211116",
        "TravelID": 22,
        "Type": "Flight"
    },
    {
        "Airline": "KLM Royal Dutch Airlines",
        "BookingID": "{f36c53bb-71e2-4f0e-bd8c-246d52662bd0}",
        "FromDate": "20211120",
        "Price": "490.840000",
        "ToDate": "20211120",
        "TravelID": 22,
        "Type": "Flight"
    },
    {
        "Airline": "Lufthansa",
        "BookingID": "{d6235c1b-351a-4491-82cd-9d87a995d5ca}",
        "FromDate": "20211126",
        "Price": "8017.540000",
        "ToDate": "20211127",
        "TravelID": 22,
        "Type": "Flight"
    }
]