[
    {
        "BookingID": "{38bff1de-ea3f-4dfa-9028-bc2f6d0fb3c6}",
        "FromDate": "20000101",
        "Price": "0.000000",
        "ToDate": "20000101",
        "TravelID": 23,
        "Type": "RentalCar",
        "company": "",
        "pickuplatitude": "",
        "pickuplocation": "",
        "pickuplongitude": "",
        "returnlatitude": "",
        "returnlocation": "",
        "returnlongiude": "",
        "vehicleclass": ""
    },
    {
        "BookingID": "{3627e036-0c70-4605-a35d-fdbfa2c7cb01}",
        "FromDate": "20000101",
        "Price": "0.000000",
        "ToDate": "20000101",
        "TravelID": 23,
        "Type": "RentalCar",
        "company": "",
        "pickuplatitude": "",
        "pickuplocation": "",
        "pickuplongitude": "",
        "returnlatitude": "",
        "returnlocation": "",
        "returnlongiude": "",
        "vehicleclass": ""
    },
    {
        "BookingID": "{9e55fc8f-a490-4b7f-ab4d-a89bcc865b87}",
        "FromDate": "20210802",
        "Price": "52.450000",
        "ToDate": "20210802",
        "TravelID": 19,
        "Type": "RentalCar",
        "company": "Europcar",
        "pickuplatitude": "50.0515",
        "pickuplocation": "Frankfurt Flughafen",
        "pickuplongitude": "8.58697",
        "returnlatitude": "8.49158",
        "returnlocation": "Mannheim Neckarau",
        "returnlongiude": "8.49158",
        "vehicleclass": "NBMN"
    },
    {
        "BookingID": "{bbf0727a-e6a7-4aea-ab89-8b34f3712f6d}",
        "FromDate": "20210301",
        "Price": "65.010000",
        "ToDate": "20210302",
        "TravelID": 4,
        "Type": "RentalCar",
        "company": "Sixt",
        "pickuplatitude": "48.122",
        "pickuplocation": "Wien-Schwechat Flughafen",
        "pickuplongitude": "16.5639",
        "returnlatitude": "16.5639",
        "returnlocation": "Wien-Schwechat Flughafen",
        "returnlongiude": "16.5639",
        "vehicleclass": "DCMD"
    },
    {
        "BookingID": "{5bcfce8e-98ab-4e97-ad2f-a79380c85922}",
        "FromDate": "20210401",
        "Price": "111.010000",
        "ToDate": "20210404",
        "TravelID": 6,
        "Type": "RentalCar",
        "company": "Europcar",
        "pickuplatitude": "41.3117",
        "pickuplocation": "BARCELONA FLUGHAFEN TERMINAL 1",
        "pickuplongitude": "2.07648",
        "returnlatitude": "2.07648",
        "returnlocation": "BARCELONA FLUGHAFEN TERMINAL 1",
        "returnlongiude": "2.07648",
        "vehicleclass": "NBMN"
    },
    {
        "BookingID": "{88b5159f-dadb-436c-87c5-d39426b77359}",
        "FromDate": "20210412",
        "Price": "111.250000",
        "ToDate": "20210415",
        "TravelID": 2,
        "Type": "RentalCar",
        "company": "Avis",
        "pickuplatitude": "32.7371",
        "pickuplocation": "San Diego International Airport",
        "pickuplongitude": "-117.181",
        "returnlatitude": "-118.387",
        "returnlocation": "Los Angeles International Airport",
        "returnlongiude": "-118.387",
        "vehicleclass": "ECAR"
    },
    {
        "BookingID": "{99038a50-6b16-4ceb-9d87-661c05e975e4}",
        "FromDate": "20210222",
        "Price": "119.000000",
        "ToDate": "20210225",
        "TravelID": 1,
        "Type": "RentalCar",
        "company": "Budget",
        "pickuplatitude": "39.8788",
        "pickuplocation": "Philadelphia International Airport",
        "pickuplongitude": "-75.2446",
        "returnlatitude": "-75.2446",
        "returnlocation": "Philadelphia International Airport",
        "returnlongiude": "-75.2446",
        "vehicleclass": "CBAR"
    },
    {
        "BookingID": "{b374d581-ef7f-493c-991b-6c7be1920f7a}",
        "FromDate": "20210503",
        "Price": "123.010000",
        "ToDate": "20210505",
        "TravelID": 9,
        "Type": "RentalCar",
        "company": "Europcar",
        "pickuplatitude": "41.3117",
        "pickuplocation": "BARCELONA FLUGHAFEN TERMINAL 1",
        "pickuplongitude": "2.07648",
        "returnlatitude": "2.07648",
        "returnlocation": "BARCELONA FLUGHAFEN TERMINAL 1",
        "returnlongiude": "2.07648",
        "vehicleclass": "EBMR"
    },
    {
        "Airline": "Virgin America",
        "BookingID": "{7c8a915e-065e-49f5-b509-6ab27e2d20af}",
        "FromDate": "20210412",
        "Price": "133.200000",
        "ToDate": "20210412",
        "TravelID": 2,
        "Type": "Flight",
        "fromdestination": "SFO",
        "fromdestlatitude": "40.9514",
        "fromdestlongitude": "40.9514",
        "todestination": "SAN",
        "todestlatitude": "32.7356",
        "todestlongitude": "-117.193"
    },
    {
        "Airline": "Rhein-Neckar Air",
        "BookingID": "{9787c9de-1386-4fed-8cf3-f7d66d56e2d4}",
        "FromDate": "20210313",
        "Price": "145.000000",
        "ToDate": "20210313",
        "TravelID": 13,
        "Type": "Flight",
        "fromdestination": "MHG",
        "fromdestlatitude": "49.4767",
        "fromdestlongitude": "49.4767",
        "todestination": "HAM",
        "todestlatitude": "53.6338",
        "todestlongitude": "9.99747"
    },
    {
        "Airline": "Rhein-Neckar Air",
        "BookingID": "{0b7d78dd-1a13-4505-81f0-75be28380f40}",
        "FromDate": "20210321",
        "Price": "165.000000",
        "ToDate": "20210321",
        "TravelID": 13,
        "Type": "Flight",
        "fromdestination": "BER",
        "fromdestlatitude": "52.3645",
        "fromdestlongitude": "52.3645",
        "todestination": "MHG",
        "todestlatitude": "49.4767",
        "todestlongitude": "8.52056"
    },
    {
        "BookingID": "{edc893e5-a16b-45db-aff7-266271576daa}",
        "FromDate": "20210404",
        "Price": "166.000000",
        "ToDate": "20210408",
        "TravelID": 2,
        "Type": "RentalCar",
        "company": "Budget",
        "pickuplatitude": "39.8788",
        "pickuplocation": "Philadelphia International Airport",
        "pickuplongitude": "-75.2446",
        "returnlatitude": "-75.2446",
        "returnlocation": "Philadelphia International Airport",
        "returnlongiude": "-75.2446",
        "vehicleclass": "CBAR"
    },
    {
        "Airline": "Austrian Airlines",
        "BookingID": "{e3a39f98-8847-4342-b0cb-4cf7044299c0}",
        "FromDate": "20210814",
        "Price": "167.010000",
        "ToDate": "20210814",
        "TravelID": 12,
        "Type": "Flight",
        "fromdestination": "VIE",
        "fromdestlatitude": "48.1181",
        "fromdestlongitude": "48.1181",
        "todestination": "FRA",
        "todestlatitude": "50.0385",
        "todestlongitude": "8.56448"
    },
    {
        "BookingID": "{b6799d86-6327-42df-894c-a00e8bc37898}",
        "FromDate": "20210602",
        "Price": "167.010000",
        "ToDate": "20210603",
        "TravelID": 7,
        "Type": "RentalCar",
        "company": "Europcar",
        "pickuplatitude": "52.171",
        "pickuplocation": "WARSCHAU CHOPIN FLUGHAFEN",
        "pickuplongitude": "20.9739",
        "returnlatitude": "20.9739",
        "returnlocation": "WARSCHAU CHOPIN FLUGHAFEN",
        "returnlongiude": "20.9739",
        "vehicleclass": "ICMR"
    },
    {
        "Airline": "Austrian Airlines",
        "BookingID": "{51836e5e-b4a6-4224-b4ae-0d75492fc33e}",
        "FromDate": "20210302",
        "Price": "167.010000",
        "ToDate": "20210302",
        "TravelID": 4,
        "Type": "Flight",
        "fromdestination": "VIE",
        "fromdestlatitude": "48.1181",
        "fromdestlongitude": "48.1181",
        "todestination": "FRA",
        "todestlatitude": "50.0385",
        "todestlongitude": "8.56448"
    },
    {
        "Airline": "Austrian Airlines",
        "BookingID": "{4d01c557-231b-44d0-934f-798fbf13fcb5}",
        "FromDate": "20210301",
        "Price": "167.010000",
        "ToDate": "20210301",
        "TravelID": 4,
        "Type": "Flight",
        "fromdestination": "FRA",
        "fromdestlatitude": "50.0385",
        "fromdestlongitude": "50.0385",
        "todestination": "VIE",
        "todestlatitude": "48.1181",
        "todestlongitude": "16.5663"
    },
    {
        "Airline": "Austrian Airlines",
        "BookingID": "{d3a484de-4c7e-432e-a499-1866189b8814}",
        "FromDate": "20210809",
        "Price": "187.930000",
        "ToDate": "20210814",
        "TravelID": 12,
        "Type": "Flight",
        "fromdestination": "FRA",
        "fromdestlatitude": "50.0385",
        "fromdestlongitude": "50.0385",
        "todestination": "VIE",
        "todestlatitude": "48.1181",
        "todestlongitude": "16.5663"
    },
    {
        "Airline": "Scandinavian Airlines",
        "BookingID": "{ed3148a5-cdd9-43fd-a95b-8065e68753f5}",
        "FromDate": "20210802",
        "Price": "199.640000",
        "ToDate": "20210802",
        "TravelID": 19,
        "Type": "Flight",
        "fromdestination": "GOT",
        "fromdestlatitude": "57.6689",
        "fromdestlongitude": "57.6689",
        "todestination": "FRA",
        "todestlatitude": "50.0385",
        "todestlongitude": "8.56448"
    },
    {
        "BookingID": "{a2c740a8-862b-4e05-82fd-fd6fa55599f7}",
        "FromDate": "20210809",
        "Hotel": "Hotel Motto",
        "Hotellatitude": "48.1984",
        "Hotellongiude": "16.3507",
        "Price": "199.990000",
        "Roomtype": "Einzelzimmer",
        "ToDate": "20210814",
        "Town": "Wien",
        "TravelID": 12,
        "Type": "Hotel"
    },
    {
        "BookingID": "{17aea3e3-6c1d-4745-bf54-469bb32a76d6}",
        "FromDate": "20210301",
        "Hotel": "Hotel Motto",
        "Hotellatitude": "48.1984",
        "Hotellongiude": "16.3507",
        "Price": "199.990000",
        "Roomtype": "",
        "ToDate": "20210302",
        "Town": "Wien",
        "TravelID": 4,
        "Type": "Hotel"
    },
    {
        "BookingID": "{f823ca8d-df24-4515-9f9a-cc9afd28dd5c}",
        "FromDate": "20211012",
        "Price": "212.620000",
        "ToDate": "20211016",
        "TravelID": 18,
        "Type": "RentalCar",
        "company": "Enterprise",
        "pickuplatitude": "33.9585",
        "pickuplocation": "Los Angeles Airport",
        "pickuplongitude": "-118.376",
        "returnlatitude": "-117.21",
        "returnlocation": "San Diego Airport",
        "returnlongiude": "-117.21",
        "vehicleclass": "CBAR"
    },
    {
        "Airline": "Air Canada",
        "BookingID": "{2f3f6c76-b2b5-4f9a-9a44-220e928a7d77}",
        "FromDate": "20211018",
        "Price": "215.780000",
        "ToDate": "20211018",
        "TravelID": 18,
        "Type": "Flight",
        "fromdestination": "ATL",
        "fromdestlatitude": "33.6332",
        "fromdestlongitude": "33.6332",
        "todestination": "YYZ",
        "todestlatitude": "43.8709",
        "todestlongitude": "-79.6666"
    },
    {
        "Airline": "Jet Airways",
        "BookingID": "{8a0cac59-59bd-4785-aaf5-e2f8c3534f6b}",
        "FromDate": "20210325",
        "Price": "218.780000",
        "ToDate": "20210325",
        "TravelID": 8,
        "Type": "Flight",
        "fromdestination": "DEL",
        "fromdestlatitude": "28.5566",
        "fromdestlongitude": "28.5566",
        "todestination": "BLR",
        "todestlatitude": "13.2692",
        "todestlongitude": "77.7056"
    },
    {
        "BookingID": "{05848a94-b4ea-4306-a243-793229619aaf}",
        "FromDate": "20210801",
        "Hotel": "Upper House",
        "Hotellatitude": "57.6975",
        "Hotellongiude": "11.9894",
        "Price": "221.000000",
        "Roomtype": "",
        "ToDate": "20210802",
        "Town": "Göteborg",
        "TravelID": 19,
        "Type": "Hotel"
    },
    {
        "Airline": "TAM Linhas Aereas",
        "BookingID": "{ad4b4b1e-1a62-4544-b8cb-a1de46cc1878}",
        "FromDate": "20210917",
        "Price": "224.130000",
        "ToDate": "20210917",
        "TravelID": 17,
        "Type": "Flight",
        "fromdestination": "POA",
        "fromdestlatitude": "-29.9933",
        "fromdestlongitude": "-29.9933",
        "todestination": "GRU",
        "todestlatitude": "-23.4232",
        "todestlongitude": "-46.4519"
    },
    {
        "Airline": "TAM Linhas Aéreas",
        "BookingID": "{30ca5c55-e853-4d47-a984-1cd965af1dcb}",
        "FromDate": "20210617",
        "Price": "224.190000",
        "ToDate": "20210617",
        "TravelID": 11,
        "Type": "Flight",
        "fromdestination": "POA",
        "fromdestlatitude": "-29.9933",
        "fromdestlongitude": "-29.9933",
        "todestination": "GRU",
        "todestlatitude": "-23.4232",
        "todestlongitude": "-46.4519"
    },
    {
        "Airline": "TAM Linhas Aereas",
        "BookingID": "{60c1d94d-1a2f-45aa-8f5f-eeb15e307682}",
        "FromDate": "20210905",
        "Price": "234.610000",
        "ToDate": "20210905",
        "TravelID": 17,
        "Type": "Flight",
        "fromdestination": "GRU",
        "fromdestlatitude": "-23.4232",
        "fromdestlongitude": "-23.4232",
        "todestination": "POA",
        "todestlatitude": "-29.9933",
        "todestlongitude": "-51.1749"
    },
    {
        "Airline": "TAM Linhas Aéreas",
        "BookingID": "{2d3ae2da-bb4d-494d-b7c6-3c1714231ea0}",
        "FromDate": "20210605",
        "Price": "234.910000",
        "ToDate": "20210605",
        "TravelID": 11,
        "Type": "Flight",
        "fromdestination": "GRU",
        "fromdestlatitude": "-23.4232",
        "fromdestlongitude": "-23.4232",
        "todestination": "POA",
        "todestlatitude": "-29.9933",
        "todestlongitude": "-51.1749"
    },
    {
        "BookingID": "{b427cffa-9dab-4047-96c9-9bb77e0ed7b2}",
        "FromDate": "20210402",
        "Hotel": "L'Hotel Montreal",
        "Hotellatitude": "45.5032",
        "Hotellongiude": "-73.5586",
        "Price": "245.000000",
        "Roomtype": "Einzelzimmer",
        "ToDate": "20210404",
        "Town": "Montreal",
        "TravelID": 2,
        "Type": "Hotel"
    },
    {
        "Airline": "Scandinavian Airlines",
        "BookingID": "{cfc77b4c-7cb3-4885-b35d-9cd4bc5219a2}",
        "FromDate": "20210321",
        "Price": "245.000000",
        "ToDate": "20210321",
        "TravelID": 13,
        "Type": "Flight",
        "fromdestination": "AAR",
        "fromdestlatitude": "56.3268",
        "fromdestlongitude": "56.3268",
        "todestination": "BER",
        "todestlatitude": "52.3645",
        "todestlongitude": "13.5099"
    },
    {
        "Airline": "AirCanada",
        "BookingID": "{2dd929b7-9e54-4e75-ab1a-cda7cac198f5}",
        "FromDate": "20210225",
        "Price": "250.490000",
        "ToDate": "20210225",
        "TravelID": 1,
        "Type": "Flight",
        "fromdestination": "PHL",
        "fromdestlatitude": "41.5617",
        "fromdestlongitude": "41.5617",
        "todestination": "YUL",
        "todestlatitude": "45.4659",
        "todestlongitude": "-73.745"
    },
    {
        "Airline": "Air Berlin",
        "BookingID": "{4aec1bd8-3433-404a-b54f-b4192fe76159}",
        "FromDate": "20210112",
        "Price": "251.030000",
        "ToDate": "20210112",
        "TravelID": 10,
        "Type": "Flight",
        "fromdestination": "HAM",
        "fromdestlatitude": "53.6338",
        "fromdestlongitude": "53.6338",
        "todestination": "MUC",
        "todestlatitude": "48.3574",
        "todestlongitude": "11.7761"
    },
    {
        "Airline": "Air Berlin",
        "BookingID": "{5e4b8e10-590d-4248-92ad-5ebbd1c37496}",
        "FromDate": "20210201",
        "Price": "251.030000",
        "ToDate": "20210201",
        "TravelID": 5,
        "Type": "Flight",
        "fromdestination": "MUC",
        "fromdestlatitude": "48.3574",
        "fromdestlongitude": "48.3574",
        "todestination": "HAM",
        "todestlatitude": "53.6338",
        "todestlongitude": "9.99747"
    },
    {
        "BookingID": "{3c02ddec-2aea-4d6b-8c7b-12e25d0162b1}",
        "FromDate": "20210309",
        "Hotel": "Little America",
        "Hotellatitude": "35.1909",
        "Hotellongiude": "-111.619",
        "Price": "253.870000",
        "Roomtype": "",
        "ToDate": "20210311",
        "Town": "Flagstaff",
        "TravelID": 16,
        "Type": "Hotel"
    },
    {
        "BookingID": "{7436dd85-7dd9-42de-a758-9915ab539f23}",
        "FromDate": "20210602",
        "Hotel": "Residence 1898",
        "Hotellatitude": "52.2151",
        "Hotellongiude": "21.0222",
        "Price": "256.020000",
        "Roomtype": "Suite",
        "ToDate": "20210603",
        "Town": "Warschau",
        "TravelID": 7,
        "Type": "Hotel"
    },
    {
        "Airline": "Delta Airlines",
        "BookingID": "{f1ccd648-ee6e-4eca-a975-3ad47ef30f6b}",
        "FromDate": "20211016",
        "Price": "256.420000",
        "ToDate": "20211016",
        "TravelID": 18,
        "Type": "Flight",
        "fromdestination": "SAN",
        "fromdestlatitude": "32.7356",
        "fromdestlongitude": "32.7356",
        "todestination": "ATL",
        "todestlatitude": "33.6332",
        "todestlongitude": "-84.4304"
    },
    {
        "Airline": "Air Berlin",
        "BookingID": "{2f5237b1-b724-4e8f-8b15-dc55365a315a}",
        "FromDate": "20210201",
        "Price": "258.030000",
        "ToDate": "20210201",
        "TravelID": 5,
        "Type": "Flight",
        "fromdestination": "HAM",
        "fromdestlatitude": "53.6338",
        "fromdestlongitude": "53.6338",
        "todestination": "MUC",
        "todestlatitude": "48.3574",
        "todestlongitude": "11.7761"
    },
    {
        "Airline": "Air Berlin",
        "BookingID": "{5c0c8a3f-86ca-40cb-b74c-d3d69dfe1db4}",
        "FromDate": "20210101",
        "Price": "258.030000",
        "ToDate": "20210101",
        "TravelID": 10,
        "Type": "Flight",
        "fromdestination": "MUC",
        "fromdestlatitude": "48.3574",
        "fromdestlongitude": "48.3574",
        "todestination": "HAM",
        "todestlatitude": "53.6338",
        "todestlongitude": "9.99747"
    },
    {
        "Airline": "Southwest Airlines",
        "BookingID": "{8c5b1526-9c2e-42e7-ba99-880144ef4de8}",
        "FromDate": "20210408",
        "Price": "260.490000",
        "ToDate": "20210408",
        "TravelID": 2,
        "Type": "Flight",
        "fromdestination": "PHL",
        "fromdestlatitude": "41.5617",
        "fromdestlongitude": "41.5617",
        "todestination": "SFO",
        "todestlatitude": "40.9514",
        "todestlongitude": "-122.733"
    },
    {
        "BookingID": "{d93f7d93-e23f-4feb-a4c6-4c2ff0d4ba1b}",
        "FromDate": "20210809",
        "Price": "265.110000",
        "ToDate": "20210814",
        "TravelID": 12,
        "Type": "RentalCar",
        "company": "Sixt",
        "pickuplatitude": "48.1219",
        "pickuplocation": "Wien-Schwechat Flughafen",
        "pickuplongitude": "16.5639",
        "returnlatitude": "16.5639",
        "returnlocation": "Wien-Schwechat Flughafen",
        "returnlongiude": "16.5639",
        "vehicleclass": "DBMN"
    },
    {
        "Airline": "South African Airways",
        "BookingID": "{b9d11323-3e6c-4c7b-81ab-d2d2432ed929}",
        "FromDate": "20210714",
        "Price": "275.430000",
        "ToDate": "20210714",
        "TravelID": 20,
        "Type": "Flight",
        "fromdestination": "JNB",
        "fromdestlatitude": "-26.1365",
        "fromdestlongitude": "-26.1365",
        "todestination": "WDH",
        "todestlatitude": "-22.4868",
        "todestlongitude": "17.4631"
    },
    {
        "Airline": "Lufthansa",
        "BookingID": "{9fc340e1-c593-4078-b586-51556559cb4b}",
        "FromDate": "20210602",
        "Price": "277.010000",
        "ToDate": "20210603",
        "TravelID": 7,
        "Type": "Flight",
        "fromdestination": "STR",
        "fromdestlatitude": "48.6879",
        "fromdestlongitude": "48.6879",
        "todestination": "WAW",
        "todestlatitude": "52.165",
        "todestlongitude": "20.9699"
    },
    {
        "Airline": "Vueling Airlines",
        "BookingID": "{74f95199-1723-4996-9e81-f7717b9ec872}",
        "FromDate": "20210505",
        "Price": "283.930000",
        "ToDate": "20210505",
        "TravelID": 9,
        "Type": "Flight",
        "fromdestination": "BCN",
        "fromdestlatitude": "41.3286",
        "fromdestlongitude": "41.3286",
        "todestination": "MUC",
        "todestlatitude": "48.3574",
        "todestlongitude": "11.7761"
    },
    {
        "Airline": "Vueling Airlines",
        "BookingID": "{bc5e36bf-cac7-4bf8-84da-b0b744b82006}",
        "FromDate": "20210404",
        "Price": "288.930000",
        "ToDate": "20210404",
        "TravelID": 6,
        "Type": "Flight",
        "fromdestination": "BCN",
        "fromdestlatitude": "41.3286",
        "fromdestlongitude": "41.3286",
        "todestination": "MUC",
        "todestlatitude": "48.3574",
        "todestlongitude": "11.7761"
    },
    {
        "Airline": "Lufthansa",
        "BookingID": "{e92bbb9f-6b72-478c-a2c4-55a88a2c0481}",
        "FromDate": "20210603",
        "Price": "288.930000",
        "ToDate": "20210603",
        "TravelID": 7,
        "Type": "Flight",
        "fromdestination": "WAW",
        "fromdestlatitude": "52.165",
        "fromdestlongitude": "52.165",
        "todestination": "STR",
        "todestlatitude": "48.6879",
        "todestlongitude": "9.20562"
    },
    {
        "Airline": "South African Airways",
        "BookingID": "{52e16af7-2fa6-4a10-9c40-3ed336c91893}",
        "FromDate": "20210727",
        "Price": "289.260000",
        "ToDate": "20210727",
        "TravelID": 20,
        "Type": "Flight",
        "fromdestination": "WDH",
        "fromdestlatitude": "-22.4868",
        "fromdestlongitude": "-22.4868",
        "todestination": "JNB",
        "todestlatitude": "-26.1365",
        "todestlongitude": "28.2418"
    },
    {
        "Airline": "Air France",
        "BookingID": "{55bcf40c-7356-4c70-87e4-962db50849de}",
        "FromDate": "20210612",
        "Price": "290.000000",
        "ToDate": "20210612",
        "TravelID": 15,
        "Type": "Flight",
        "fromdestination": "CDG",
        "fromdestlatitude": "49.008",
        "fromdestlongitude": "49.008",
        "todestination": "STR",
        "todestlatitude": "48.6879",
        "todestlongitude": "9.20562"
    },
    {
        "BookingID": "{1f2f1aad-6650-46ab-aa0c-39c959485522}",
        "FromDate": "20210216",
        "Price": "299.000000",
        "ToDate": "20210222",
        "TravelID": 1,
        "Type": "RentalCar",
        "company": "Hertz",
        "pickuplatitude": "37.6322",
        "pickuplocation": "San Francisco International Airport",
        "pickuplongitude": "-122.4",
        "returnlatitude": "-122.4",
        "returnlocation": "San Francisco International Airport",
        "returnlongiude": "-122.4",
        "vehicleclass": "CBAR"
    },
    {
        "Airline": "Delta Airlines",
        "BookingID": "{59061235-c33e-4e0a-b8df-246019bf5662}",
        "FromDate": "20210404",
        "Price": "299.000000",
        "ToDate": "20210404",
        "TravelID": 2,
        "Type": "Flight",
        "fromdestination": "YUL",
        "fromdestlatitude": "45.4659",
        "fromdestlongitude": "45.4659",
        "todestination": "PHL",
        "todestlatitude": "41.5617",
        "todestlongitude": "-75.5754"
    },
    {
        "BookingID": "{9d18bbdf-ef38-4e1d-b690-7ab53acf4665}",
        "FromDate": "20210408",
        "Price": "300.000000",
        "ToDate": "20210412",
        "TravelID": 2,
        "Type": "RentalCar",
        "company": "Avis",
        "pickuplatitude": "37.6283",
        "pickuplocation": "San Francisco International Airport",
        "pickuplongitude": "-122.4",
        "returnlatitude": "-122.4",
        "returnlocation": "San Francisco International Airport",
        "returnlongiude": "-122.4",
        "vehicleclass": "ICAR"
    },
    {
        "Airline": "United Airlines",
        "BookingID": "{626b9a81-316e-4486-a212-2b3649d771b5}",
        "FromDate": "20210222",
        "Price": "300.000000",
        "ToDate": "20210222",
        "TravelID": 1,
        "Type": "Flight",
        "fromdestination": "SFO",
        "fromdestlatitude": "40.9514",
        "fromdestlongitude": "40.9514",
        "todestination": "PHL",
        "todestlatitude": "41.5617",
        "todestlongitude": "-75.5754"
    },
    {
        "Airline": "Vueling Airlines",
        "BookingID": "{92545939-8c66-4006-9de4-8a11dd57f700}",
        "FromDate": "20210503",
        "Price": "304.010000",
        "ToDate": "20210503",
        "TravelID": 9,
        "Type": "Flight",
        "fromdestination": "MUC",
        "fromdestlatitude": "48.3574",
        "fromdestlongitude": "48.3574",
        "todestination": "BCN",
        "todestlatitude": "41.3286",
        "todestlongitude": "3.05728"
    },
    {
        "Airline": "TAP Air Portugal",
        "BookingID": "{384b9bde-2fa1-4a3d-873f-59912ab9ecfb}",
        "FromDate": "20210820",
        "Price": "311.430000",
        "ToDate": "20210820",
        "TravelID": 21,
        "Type": "Flight",
        "fromdestination": "OPO",
        "fromdestlatitude": "41.2393",
        "fromdestlongitude": "41.2393",
        "todestination": "FRA",
        "todestlatitude": "50.0385",
        "todestlongitude": "8.56448"
    },
    {
        "Airline": "Vueling Airlines",
        "BookingID": "{6d839cbd-e8d9-4915-a4d1-03c7e0946d76}",
        "FromDate": "20210401",
        "Price": "316.010000",
        "ToDate": "20210401",
        "TravelID": 6,
        "Type": "Flight",
        "fromdestination": "MUC",
        "fromdestlatitude": "48.3574",
        "fromdestlongitude": "48.3574",
        "todestination": "BCN",
        "todestlatitude": "41.3286",
        "todestlongitude": "3.05728"
    },
    {
        "Airline": "Air France",
        "BookingID": "{ea70f5ed-5b15-43f6-a1e0-b74e021630a4}",
        "FromDate": "20211115",
        "Price": "317.230000",
        "ToDate": "20211115",
        "TravelID": 22,
        "Type": "Flight",
        "fromdestination": "MUC",
        "fromdestlatitude": "48.3574",
        "fromdestlongitude": "48.3574",
        "todestination": "CDG",
        "todestlatitude": "49.008",
        "todestlongitude": "2.55076"
    },
    {
        "Airline": "Air France",
        "BookingID": "{765666e2-71f6-4d8c-9ad1-c67903d62201}",
        "FromDate": "20210608",
        "Price": "330.000000",
        "ToDate": "20210608",
        "TravelID": 15,
        "Type": "Flight",
        "fromdestination": "STR",
        "fromdestlatitude": "48.6879",
        "fromdestlongitude": "48.6879",
        "todestination": "CDG",
        "todestlatitude": "49.008",
        "todestlongitude": "2.55076"
    },
    {
        "BookingID": "{fd9d2958-6155-4ab5-882f-0204157ef739}",
        "FromDate": "20210503",
        "Hotel": "Tarraco Park",
        "Hotellatitude": "41.1162",
        "Hotellongiude": "1.21868",
        "Price": "356.010000",
        "Roomtype": "Aprtment",
        "ToDate": "20210505",
        "Town": "Tarragona",
        "TravelID": 9,
        "Type": "Hotel"
    },
    {
        "BookingID": "{8576a155-ec10-4ad0-a3e0-bd874140bc9b}",
        "FromDate": "20210225",
        "Hotel": "L'Hotel Montreal",
        "Hotellatitude": "45.5032",
        "Hotellongiude": "-73.5586",
        "Price": "360.360000",
        "Roomtype": "Einzelzimmer",
        "ToDate": "20210228",
        "Town": "Montreal",
        "TravelID": 1,
        "Type": "Hotel"
    },
    {
        "BookingID": "{f2353ecf-a920-4921-8fba-0e5683546d89}",
        "FromDate": "20210412",
        "Hotel": "Grand Pacific",
        "Hotellatitude": "33.1243",
        "Hotellongiude": "-117.315",
        "Price": "377.360000",
        "Roomtype": "Einzelzimmer",
        "ToDate": "20210415",
        "Town": "Carlsbad",
        "TravelID": 2,
        "Type": "Hotel"
    },
    {
        "BookingID": "{a411056d-695d-4aef-bdfe-725080f8420d}",
        "FromDate": "20210401",
        "Hotel": "Tarraco Park",
        "Hotellatitude": "41.1162",
        "Hotellongiude": "1.21868",
        "Price": "381.010000",
        "Roomtype": "Einzelzimmer",
        "ToDate": "20210405",
        "Town": "Tarragona",
        "TravelID": 6,
        "Type": "Hotel"
    },
    {
        "BookingID": "{66eeaed6-529a-4ce6-9e84-1b2ecf084486}",
        "FromDate": "20210222",
        "Hotel": "Courtyard Devon",
        "Hotellatitude": "40.0473",
        "Hotellongiude": "-75.4115",
        "Price": "390.000000",
        "Roomtype": "Einzelzimmer",
        "ToDate": "20210225",
        "Town": "Wayne",
        "TravelID": 1,
        "Type": "Hotel"
    },
    {
        "BookingID": "{27c687c8-e233-4943-a73f-c72ac2f546b2}",
        "FromDate": "20210318",
        "Hotel": "Radisson Blu Scandinavia",
        "Hotellatitude": "56.1528",
        "Hotellongiude": "10.1975",
        "Price": "413.030000",
        "Roomtype": "",
        "ToDate": "20210321",
        "Town": "Aarhus",
        "TravelID": 13,
        "Type": "Hotel"
    },
    {
        "BookingID": "{d883d8a4-fd10-49d8-8203-c526be60c5a4}",
        "FromDate": "20210818",
        "Hotel": "Oca Ribeira do Porto",
        "Hotellatitude": "41.141",
        "Hotellongiude": "-8.61326",
        "Price": "415.000000",
        "Roomtype": "Aprtment",
        "ToDate": "20210820",
        "Town": "Porto",
        "TravelID": 21,
        "Type": "Hotel"
    },
    {
        "BookingID": "{50e09f09-e689-476b-be4e-6c1e30750208}",
        "FromDate": "20210309",
        "Price": "423.010000",
        "ToDate": "20210313",
        "TravelID": 16,
        "Type": "RentalCar",
        "company": "Avis",
        "pickuplatitude": "33.4304",
        "pickuplocation": "Phoenix Sky Harbor Int'l Airport",
        "pickuplongitude": "-112.045",
        "returnlatitude": "-115.165",
        "returnlocation": "McCarran Intl Airport, Las Vegas",
        "returnlongiude": "-115.165",
        "vehicleclass": "IVAR"
    },
    {
        "BookingID": "{c0f2847f-6531-49c9-9c4c-4298e14c4ebe}",
        "FromDate": "20210313",
        "Hotel": "Thomas Hotel Spa & Lifestyle",
        "Hotellatitude": "54.4753",
        "Hotellongiude": "9.05131",
        "Price": "424.040000",
        "Roomtype": "",
        "ToDate": "20210317",
        "Town": "Husum",
        "TravelID": 13,
        "Type": "Hotel"
    },
    {
        "BookingID": "{641b761c-8a6f-4a8f-8f92-a52dbbd6ec89}",
        "FromDate": "20211016",
        "Hotel": "Hilton",
        "Hotellatitude": "33.773",
        "Hotellongiude": "-84.3846",
        "Price": "430.310000",
        "Roomtype": "Suite",
        "ToDate": "20211018",
        "Town": "Atlanta",
        "TravelID": 18,
        "Type": "Hotel"
    },
    {
        "BookingID": "{ed342552-883e-4a65-b264-ab603213baf1}",
        "FromDate": "20210814",
        "Hotel": "Grand Hotel de l'Opera",
        "Hotellatitude": "43.6047",
        "Hotellongiude": "1.44424",
        "Price": "447.310000",
        "Roomtype": "Suite",
        "ToDate": "20210816",
        "Town": "Toulouse",
        "TravelID": 21,
        "Type": "Hotel"
    },
    {
        "BookingID": "{92de6d69-069a-49e1-b7d0-63e457f491d9}",
        "FromDate": "20210104",
        "Price": "466.000000",
        "ToDate": "20210109",
        "TravelID": 14,
        "Type": "RentalCar",
        "company": "Avis",
        "pickuplatitude": "41.9931",
        "pickuplocation": "Chicago OHare Intl Airport",
        "pickuplongitude": "-87.8823",
        "returnlatitude": "-87.8823",
        "returnlocation": "Chicago OHare Intl Airport",
        "returnlongiude": "-87.8823",
        "vehicleclass": "CCAR"
    },
    {
        "BookingID": "{daed70db-646f-47e6-bb4f-5bbd19746525}",
        "FromDate": "20210405",
        "Hotel": "Courtyard Devon",
        "Hotellatitude": "40.0473",
        "Hotellongiude": "-75.4115",
        "Price": "476.000000",
        "Roomtype": "Einzelzimmer",
        "ToDate": "20210408",
        "Town": "Wayne",
        "TravelID": 2,
        "Type": "Hotel"
    },
    {
        "BookingID": "{eef1a983-4f5d-45e2-84d8-4fbf57f53509}",
        "FromDate": "20210711",
        "Hotel": "Steigenberger Grand Hotel",
        "Hotellatitude": "51.3408",
        "Hotellongiude": "12.3767",
        "Price": "483.500000",
        "Roomtype": "",
        "ToDate": "20210714",
        "Town": "Leipzig",
        "TravelID": 19,
        "Type": "Hotel"
    },
    {
        "Airline": "KLM Royal Dutch Airlines",
        "BookingID": "{8f1a0ce9-81a4-43d3-92c7-875bef3e5dec}",
        "FromDate": "20211120",
        "Price": "490.840000",
        "ToDate": "20211120",
        "TravelID": 22,
        "Type": "Flight",
        "fromdestination": "SCL",
        "fromdestlatitude": "-33.3754",
        "fromdestlongitude": "-33.3754",
        "todestination": "EZE",
        "todestlatitude": "-34.8081",
        "todestlongitude": "-58.5041"
    },
    {
        "BookingID": "{387e0555-800f-47c9-bb6a-a1c6b756ad95}",
        "FromDate": "20210104",
        "Hotel": "Mark Twain Hotel",
        "Hotellatitude": "40.6936",
        "Hotellongiude": "-89.5875",
        "Price": "501.030000",
        "Roomtype": "Einzelzimmer",
        "ToDate": "20210109",
        "Town": "Peoria",
        "TravelID": 14,
        "Type": "Hotel"
    },
    {
        "BookingID": "{4f483738-1de4-4aeb-ace3-aa3413ccc025}",
        "FromDate": "20210408",
        "Hotel": "Crowne Plaza",
        "Hotellatitude": "37.4061",
        "Hotellongiude": "-122.121",
        "Price": "510.360000",
        "Roomtype": "Einzelzimmer",
        "ToDate": "20210412",
        "Town": "PaloAlto",
        "TravelID": 2,
        "Type": "Hotel"
    },
    {
        "BookingID": "{1d0b9060-5b95-4c73-8c24-c49addd7153a}",
        "FromDate": "20210724",
        "Hotel": "Scandic Elmia",
        "Hotellatitude": "57.8463",
        "Hotellongiude": "14.2258",
        "Price": "511.230000",
        "Roomtype": "",
        "ToDate": "20210728",
        "Town": "Jönköping",
        "TravelID": 19,
        "Type": "Hotel"
    },
    {
        "BookingID": "{595e9517-5d7c-4638-a46e-71543d6c3548}",
        "FromDate": "20210812",
        "Hotel": "Radisson Blu Hotel",
        "Hotellatitude": "43.2926",
        "Hotellongiude": "5.36737",
        "Price": "516.000000",
        "Roomtype": "Einzelzimmer",
        "ToDate": "20210814",
        "Town": "Marseille",
        "TravelID": 21,
        "Type": "Hotel"
    },
    {
        "BookingID": "{645c9f73-4435-41bb-a671-1688ef7bb14e}",
        "FromDate": "20210323",
        "Hotel": "The Leela Palace",
        "Hotellatitude": "28.5807",
        "Hotellongiude": "77.1893",
        "Price": "556.020000",
        "Roomtype": "",
        "ToDate": "20210325",
        "Town": "New Delhi",
        "TravelID": 8,
        "Type": "Hotel"
    },
    {
        "BookingID": "{83b47826-c611-43cf-bda7-5c03a11b62ac}",
        "FromDate": "20210329",
        "Hotel": "Daiichi Hotel Annex",
        "Hotellatitude": "35.6707",
        "Hotellongiude": "139.761",
        "Price": "611.430000",
        "Roomtype": "",
        "ToDate": "20210402",
        "Town": "Tokyo",
        "TravelID": 8,
        "Type": "Hotel"
    },
    {
        "BookingID": "{39a6182a-fc3d-4426-8cb2-0648b4f1f757}",
        "FromDate": "20210325",
        "Hotel": "The Oberoi",
        "Hotellatitude": "12.9746",
        "Hotellongiude": "77.6185",
        "Price": "611.430000",
        "Roomtype": "",
        "ToDate": "20210328",
        "Town": "Bangalore",
        "TravelID": 8,
        "Type": "Hotel"
    },
    {
        "BookingID": "{fe6ea97d-c52a-4d31-8dd2-e6e7dd5ff6cd}",
        "FromDate": "20211116",
        "Price": "620.110000",
        "ToDate": "20211120",
        "TravelID": 22,
        "Type": "RentalCar",
        "company": "Budget",
        "pickuplatitude": "-33.3959",
        "pickuplocation": "Airport Santiago de Chile",
        "pickuplongitude": "-70.7935",
        "returnlatitude": "-70.7935",
        "returnlocation": "Airport Santiago de Chile",
        "returnlongiude": "-70.7935",
        "vehicleclass": "XPMD"
    },
    {
        "BookingID": "{e090f3f2-9f0f-4a67-88f0-7cc4dac5d3a0}",
        "FromDate": "20211018",
        "Price": "634.650000",
        "ToDate": "20211023",
        "TravelID": 18,
        "Type": "RentalCar",
        "company": "Hertz",
        "pickuplatitude": "43.6854",
        "pickuplocation": "Toronto Airport",
        "pickuplongitude": "-79.6141",
        "returnlatitude": "-73.7519",
        "returnlocation": "Montreal Airport",
        "returnlongiude": "-73.7519",
        "vehicleclass": "IVAR"
    },
    {
        "BookingID": "{4fdd6f92-08e1-4d78-98ea-99274f4108ed}",
        "FromDate": "20210816",
        "Hotel": "Hotel Ilunion San Mamés",
        "Hotellatitude": "43.2611",
        "Hotellongiude": "-2.95023",
        "Price": "700.000000",
        "Roomtype": "",
        "ToDate": "20210818",
        "Town": "Bilbao",
        "TravelID": 21,
        "Type": "Hotel"
    },
    {
        "BookingID": "{c9ff69f8-35bc-4ae5-960a-a450bdd0338c}",
        "FromDate": "20210608",
        "Hotel": "Citadines Saint-Germain-des-Prés",
        "Hotellatitude": "48.8557",
        "Hotellongiude": "2.34091",
        "Price": "751.030000",
        "Roomtype": "Aprtment",
        "ToDate": "20210612",
        "Town": "Paris",
        "TravelID": 15,
        "Type": "Hotel"
    },
    {
        "BookingID": "{5b8534d5-1e45-42ef-a7de-0de1f8a3b4bb}",
        "FromDate": "20211116",
        "Hotel": "Radisson Blu Acqua Hotel",
        "Hotellatitude": "-32.9187",
        "Hotellongiude": "-71.5236",
        "Price": "758.000000",
        "Roomtype": "",
        "ToDate": "20211120",
        "Town": "Vina del Mar",
        "TravelID": 22,
        "Type": "Hotel"
    },
    {
        "BookingID": "{8490421a-88dc-4435-81cd-6220ce0cc005}",
        "FromDate": "20210313",
        "Price": "765.110000",
        "ToDate": "20210321",
        "TravelID": 13,
        "Type": "RentalCar",
        "company": "Europcar",
        "pickuplatitude": "53.6315",
        "pickuplocation": "Hamburg Flughafen",
        "pickuplongitude": "10.0066",
        "returnlatitude": "10.6346",
        "returnlocation": "Aarhus Flughafen",
        "returnlongiude": "10.6346",
        "vehicleclass": "JTMR"
    },
    {
        "BookingID": "{8fdf429a-3b68-44bd-a521-6858ababf96f}",
        "FromDate": "20211012",
        "Hotel": "Four Seasons Residence Club",
        "Hotellatitude": "33.0975",
        "Hotellongiude": "-117.283",
        "Price": "813.420000",
        "Roomtype": "Einzelzimmer",
        "ToDate": "20211016",
        "Town": "Carlsbad",
        "TravelID": 18,
        "Type": "Hotel"
    },
    {
        "BookingID": "{cb9e6003-4061-4480-b1e1-14417178ccae}",
        "FromDate": "20210311",
        "Hotel": "Bellagio",
        "Hotellatitude": "36.1139",
        "Hotellongiude": "-115.177",
        "Price": "951.110000",
        "Roomtype": "Suite",
        "ToDate": "20210313",
        "Town": "Las Vegas",
        "TravelID": 16,
        "Type": "Hotel"
    },
    {
        "BookingID": "{1b371015-3bef-4711-be8c-5bc0ab974461}",
        "FromDate": "20210711",
        "Price": "987.540000",
        "ToDate": "20210802",
        "TravelID": 19,
        "Type": "RentalCar",
        "company": "Europcar",
        "pickuplatitude": "49.4606",
        "pickuplocation": "Mannheim Neckarau",
        "pickuplongitude": "8.49158",
        "returnlatitude": "11.968",
        "returnlocation": "Göteborg City",
        "returnlongiude": "11.968",
        "vehicleclass": "ECAR"
    },
    {
        "BookingID": "{bb4f0b14-0082-4754-b451-aef1432d1a8b}",
        "FromDate": "20210718",
        "Hotel": "The Fontenay",
        "Hotellatitude": "53.5656",
        "Hotellongiude": "9.99831",
        "Price": "996.230000",
        "Roomtype": "",
        "ToDate": "20210722",
        "Town": "Hamburg",
        "TravelID": 19,
        "Type": "Hotel"
    },
    {
        "BookingID": "{a2249b9d-8e96-4b88-8557-9e5d1e204a2d}",
        "FromDate": "20210714",
        "Hotel": "Hotel Adlon Kempinski",
        "Hotellatitude": "52.5162",
        "Hotellongiude": "13.3807",
        "Price": "1000.000000",
        "Roomtype": "",
        "ToDate": "20210718",
        "Town": "Berlin",
        "TravelID": 19,
        "Type": "Hotel"
    },
    {
        "BookingID": "{b87cc965-41ba-4558-ab7a-1722582601c9}",
        "FromDate": "20211018",
        "Hotel": "Residence Inn Water's Edge",
        "Hotellatitude": "44.228",
        "Hotellongiude": "-76.4815",
        "Price": "1013.990000",
        "Roomtype": "",
        "ToDate": "20211023",
        "Town": "Kingston",
        "TravelID": 18,
        "Type": "Hotel"
    },
    {
        "BookingID": "{fb93ef03-9b2e-40a8-a1f8-b8915ba16d03}",
        "FromDate": "20210502",
        "Hotel": "Shanghai Marriott",
        "Hotellatitude": "31.2568",
        "Hotellongiude": "121.594",
        "Price": "1101.030000",
        "Roomtype": "",
        "ToDate": "20210510",
        "Town": "Shanghai",
        "TravelID": 3,
        "Type": "Hotel"
    },
    {
        "BookingID": "{d8143bf6-db69-4a46-9c0a-992ff94848df}",
        "FromDate": "20210101",
        "Hotel": "Hotel Atlantic",
        "Hotellatitude": "53.5569",
        "Hotellongiude": "10.005",
        "Price": "1224.040000",
        "Roomtype": "Einzelzimmer",
        "ToDate": "20210112",
        "Town": "Hamburg",
        "TravelID": 10,
        "Type": "Hotel"
    },
    {
        "BookingID": "{53ea78d2-7aa2-4288-9885-2c2c4fdc119a}",
        "FromDate": "20210722",
        "Hotel": "Marriott Hotel",
        "Hotellatitude": "55.7308",
        "Hotellongiude": "12.5711",
        "Price": "1269.740000",
        "Roomtype": "Suite",
        "ToDate": "20210724",
        "Town": "Kopenhagen",
        "TravelID": 19,
        "Type": "Hotel"
    },
    {
        "BookingID": "{5ac70cf9-18d9-4b7a-ac34-7badfc4fd2de}",
        "FromDate": "20210216",
        "Hotel": "Ritz-Carlton",
        "Hotellatitude": "37.4424",
        "Hotellongiude": "-122.445",
        "Price": "1284.000000",
        "Roomtype": "Suite",
        "ToDate": "20210222",
        "Town": "Halfmoon Bay",
        "TravelID": 1,
        "Type": "Hotel"
    },
    {
        "BookingID": "{c509bb06-69d0-4ee4-9c2d-ca9e70483a3f}",
        "FromDate": "20210905",
        "Price": "1345.720000",
        "ToDate": "20210917",
        "TravelID": 17,
        "Type": "RentalCar",
        "company": "Avis",
        "pickuplatitude": "-26.2297",
        "pickuplocation": "Porto Alegre Airport",
        "pickuplongitude": "-51.9112",
        "returnlatitude": "-51.9112",
        "returnlocation": "Porto Alegre Airport",
        "returnlongiude": "-51.9112",
        "vehicleclass": "FFBD"
    },
    {
        "BookingID": "{d3daf181-4569-458c-b2e0-3613df01cf51}",
        "FromDate": "20210605",
        "Price": "1345.820000",
        "ToDate": "20210617",
        "TravelID": 11,
        "Type": "RentalCar",
        "company": "Hertz",
        "pickuplatitude": "-29.9896",
        "pickuplocation": "Porto Alegre Airport",
        "pickuplongitude": "-51.1761",
        "returnlatitude": "-51.1761",
        "returnlocation": "Porto Alegre Airport",
        "returnlongiude": "-51.1761",
        "vehicleclass": "HXAR"
    },
    {
        "Airline": "United Airlines",
        "BookingID": "{ef23ab41-ca90-4cc8-bb53-ed242c0268a8}",
        "FromDate": "20210109",
        "Price": "1358.000000",
        "ToDate": "20210110",
        "TravelID": 14,
        "Type": "Flight",
        "fromdestination": "ORD",
        "fromdestlatitude": "41.981",
        "fromdestlongitude": "41.981",
        "todestination": "FRA",
        "todestlatitude": "50.0385",
        "todestlongitude": "8.56448"
    },
    {
        "Airline": "United Airlines",
        "BookingID": "{dc21fd48-1a08-4ba8-944e-5ddc86dd4a27}",
        "FromDate": "20210104",
        "Price": "1499.000000",
        "ToDate": "20210109",
        "TravelID": 14,
        "Type": "Flight",
        "fromdestination": "FRA",
        "fromdestlatitude": "50.0385",
        "fromdestlongitude": "50.0385",
        "todestination": "ORD",
        "todestlatitude": "41.981",
        "todestlongitude": "-87.909"
    },
    {
        "BookingID": "{d32208d9-1a82-4bb2-abe8-4264b098fc3d}",
        "FromDate": "20210728",
        "Hotel": "Grand Hotel Stockholm",
        "Hotellatitude": "59.3301",
        "Hotellongiude": "18.0754",
        "Price": "1513.920000",
        "Roomtype": "Suite",
        "ToDate": "20210801",
        "Town": "Stockholm",
        "TravelID": 19,
        "Type": "Hotel"
    },
    {
        "BookingID": "{3b13b7f0-40c9-4e34-ae2a-607306de0bb8}",
        "FromDate": "20211120",
        "Hotel": "Alvear Palace Hotel",
        "Hotellatitude": "-34.5874",
        "Hotellongiude": "-58.3889",
        "Price": "1682.000000",
        "Roomtype": "Suite",
        "ToDate": "20211126",
        "Town": "Buenos Aires",
        "TravelID": 22,
        "Type": "Hotel"
    },
    {
        "BookingID": "{dee1d62e-d704-4602-b6ce-8ce35cfdbb5a}",
        "FromDate": "20210809",
        "Hotel": "Beau Rivage",
        "Hotellatitude": "46.2093",
        "Hotellongiude": "6.14984",
        "Price": "1793.320000",
        "Roomtype": "",
        "ToDate": "20210812",
        "Town": "Genf",
        "TravelID": 21,
        "Type": "Hotel"
    },
    {
        "Airline": "Lufthansa",
        "BookingID": "{1b6e4737-17f6-4524-9b8b-60408f05c33a}",
        "FromDate": "20210402",
        "Price": "1799.000000",
        "ToDate": "20210402",
        "TravelID": 2,
        "Type": "Flight",
        "fromdestination": "FRA",
        "fromdestlatitude": "50.0385",
        "fromdestlongitude": "50.0385",
        "todestination": "YUL",
        "todestlatitude": "45.4659",
        "todestlongitude": "-73.745"
    },
    {
        "Airline": "Air Canada",
        "BookingID": "{128e7362-0665-4e6a-8ef4-5a337e8b2165}",
        "FromDate": "20210228",
        "Price": "1850.000000",
        "ToDate": "20210301",
        "TravelID": 1,
        "Type": "Flight",
        "fromdestination": "YUL",
        "fromdestlatitude": "45.4659",
        "fromdestlongitude": "45.4659",
        "todestination": "FRA",
        "todestlatitude": "50.0385",
        "todestlongitude": "8.56448"
    },
    {
        "Airline": "Lufthansa",
        "BookingID": "{9bf65c04-2417-4e98-a00e-492347751da5}",
        "FromDate": "20210216",
        "Price": "2099.000000",
        "ToDate": "20210216",
        "TravelID": 1,
        "Type": "Flight",
        "fromdestination": "FRA",
        "fromdestlatitude": "50.0385",
        "fromdestlongitude": "50.0385",
        "todestination": "SFO",
        "todestlatitude": "40.9514",
        "todestlongitude": "-122.733"
    },
    {
        "Airline": "Lufthansa",
        "BookingID": "{6bddf192-a938-4a74-88d2-ac80fd5eca86}",
        "FromDate": "20210501",
        "Price": "2332.210000",
        "ToDate": "20210502",
        "TravelID": 3,
        "Type": "Flight",
        "fromdestination": "FRA",
        "fromdestlatitude": "50.0385",
        "fromdestlongitude": "50.0385",
        "todestination": "PVG",
        "todestlatitude": "31.1465",
        "todestlongitude": "121.808"
    },
    {
        "BookingID": "{1d2a2822-dafd-48d7-8a38-efcfe66c4c67}",
        "FromDate": "20210809",
        "Price": "2455.480000",
        "ToDate": "20210820",
        "TravelID": 21,
        "Type": "RentalCar",
        "company": "Europcar",
        "pickuplatitude": "49.8902",
        "pickuplocation": "Darmstadt Stadtstation",
        "pickuplongitude": "8.64492",
        "returnlatitude": "-8.66904",
        "returnlocation": "Porto Airport",
        "returnlongiude": "-8.66904",
        "vehicleclass": "PWAR"
    },
    {
        "Airline": "Lufthansa",
        "BookingID": "{6c47a139-b8a6-4864-b46e-ef26e9478738}",
        "FromDate": "20210510",
        "Price": "2463.020000",
        "ToDate": "20210510",
        "TravelID": 3,
        "Type": "Flight",
        "fromdestination": "PVG",
        "fromdestlatitude": "31.1465",
        "fromdestlongitude": "31.1465",
        "todestination": "FRA",
        "todestlatitude": "50.0385",
        "todestlongitude": "8.56448"
    },
    {
        "Airline": "Lufthansa",
        "BookingID": "{e5949627-8965-4235-b00f-50caf1733ef9}",
        "FromDate": "20210309",
        "Price": "2504.010000",
        "ToDate": "20210309",
        "TravelID": 16,
        "Type": "Flight",
        "fromdestination": "MUC",
        "fromdestlatitude": "48.3574",
        "fromdestlongitude": "48.3574",
        "todestination": "PHX",
        "todestlatitude": "33.4354",
        "todestlongitude": "-112.009"
    },
    {
        "BookingID": "{e572f844-eb52-4245-850c-9feb19199f7e}",
        "FromDate": "20210714",
        "Hotel": "Livega House",
        "Hotellatitude": "-22.554",
        "Hotellongiude": "17.0874",
        "Price": "2517.430000",
        "Roomtype": "Suite",
        "ToDate": "20210727",
        "Town": "Windhoek",
        "TravelID": 20,
        "Type": "Hotel"
    },
    {
        "Airline": "All Nippon Airways",
        "BookingID": "{d92af905-9bda-4c56-8db0-7a8fd98e0931}",
        "FromDate": "20210329",
        "Price": "2543.210000",
        "ToDate": "20210329",
        "TravelID": 8,
        "Type": "Flight",
        "fromdestination": "SIN",
        "fromdestlatitude": "1.74167",
        "fromdestlongitude": "1.74167",
        "todestination": "HND",
        "todestlatitude": "35.5503",
        "todestlongitude": "139.78"
    },
    {
        "Airline": "Lufthansa",
        "BookingID": "{95d4a3a8-0e6e-4336-b72f-ec68e20a6593}",
        "FromDate": "20210415",
        "Price": "2594.210000",
        "ToDate": "20210416",
        "TravelID": 2,
        "Type": "Flight",
        "fromdestination": "LAX",
        "fromdestlatitude": "33.9443",
        "fromdestlongitude": "33.9443",
        "todestination": "FRA",
        "todestlatitude": "50.0385",
        "todestlongitude": "8.56448"
    },
    {
        "Airline": "Lufthansa",
        "BookingID": "{2395d3e9-19c6-4d53-8ec6-bdf1b675d005}",
        "FromDate": "20210617",
        "Price": "2634.240000",
        "ToDate": "20210618",
        "TravelID": 11,
        "Type": "Flight",
        "fromdestination": "GRU",
        "fromdestlatitude": "-23.4232",
        "fromdestlongitude": "-23.4232",
        "todestination": "FRA",
        "todestlatitude": "50.0385",
        "todestlongitude": "8.56448"
    },
    {
        "Airline": "Lufthansa",
        "BookingID": "{b511d4fc-743e-433e-af2f-da32c56db5d2}",
        "FromDate": "20210917",
        "Price": "2674.340000",
        "ToDate": "20210918",
        "TravelID": 17,
        "Type": "Flight",
        "fromdestination": "GRU",
        "fromdestlatitude": "-23.4232",
        "fromdestlongitude": "-23.4232",
        "todestination": "FRA",
        "todestlatitude": "50.0385",
        "todestlongitude": "8.56448"
    },
    {
        "Airline": "Singapur Airlines",
        "BookingID": "{981ad094-4913-4c2a-8ddb-dc93bb1b21fd}",
        "FromDate": "20210328",
        "Price": "2778.180000",
        "ToDate": "20210329",
        "TravelID": 8,
        "Type": "Flight",
        "fromdestination": "BLR",
        "fromdestlatitude": "13.2692",
        "fromdestlongitude": "13.2692",
        "todestination": "SIN",
        "todestlatitude": "1.74167",
        "todestlongitude": "103.711"
    },
    {
        "Airline": "Lufthansa",
        "BookingID": "{189e2602-84c0-4fd7-8f5f-7bb8802b427e}",
        "FromDate": "20210904",
        "Price": "2892.040000",
        "ToDate": "20210905",
        "TravelID": 17,
        "Type": "Flight",
        "fromdestination": "FRA",
        "fromdestlatitude": "50.0385",
        "fromdestlongitude": "50.0385",
        "todestination": "GRU",
        "todestlatitude": "-23.4232",
        "todestlongitude": "-46.4519"
    },
    {
        "Airline": "Lufthansa",
        "BookingID": "{25f24192-45e5-4ede-8b91-a28c48a6c61e}",
        "FromDate": "20210604",
        "Price": "2892.040000",
        "ToDate": "20210605",
        "TravelID": 11,
        "Type": "Flight",
        "fromdestination": "FRA",
        "fromdestlatitude": "50.0385",
        "fromdestlongitude": "50.0385",
        "todestination": "GRU",
        "todestlatitude": "-23.4232",
        "todestlongitude": "-46.4519"
    },
    {
        "Airline": "Air France",
        "BookingID": "{8400efaf-56fd-447e-883e-a7ec60551c82}",
        "FromDate": "20211115",
        "Price": "2953.540000",
        "ToDate": "20211116",
        "TravelID": 22,
        "Type": "Flight",
        "fromdestination": "CDG",
        "fromdestlatitude": "49.008",
        "fromdestlongitude": "49.008",
        "todestination": "SCL",
        "todestlatitude": "-33.3754",
        "todestlongitude": "-70.7992"
    },
    {
        "BookingID": "{7454fc49-4fba-4ac4-ad78-a41e87e9a669}",
        "FromDate": "20210605",
        "Hotel": "Radisson",
        "Hotellatitude": "-30.0304",
        "Hotellongiude": "-51.1926",
        "Price": "2986.000000",
        "Roomtype": "Suite",
        "ToDate": "20210617",
        "Town": "Porto Alegre",
        "TravelID": 11,
        "Type": "Hotel"
    },
    {
        "BookingID": "{4cb43467-c587-4edd-b3be-2c159b1a321c}",
        "FromDate": "20210905",
        "Hotel": "Plaza Sao Rafael",
        "Hotellatitude": "-30.0037",
        "Hotellongiude": "-51.2218",
        "Price": "2986.120000",
        "Roomtype": "Aprtment",
        "ToDate": "20210917",
        "Town": "Porto Alegre",
        "TravelID": 17,
        "Type": "Hotel"
    },
    {
        "Airline": "Air Canada",
        "BookingID": "{1db1f415-efcf-4be2-a02a-80db21b652eb}",
        "FromDate": "20211023",
        "Price": "2998.650000",
        "ToDate": "20211024",
        "TravelID": 18,
        "Type": "Flight",
        "fromdestination": "YUL",
        "fromdestlatitude": "45.4659",
        "fromdestlongitude": "45.4659",
        "todestination": "FRA",
        "todestlatitude": "50.0385",
        "todestlongitude": "8.56448"
    },
    {
        "Airline": "Air Canada",
        "BookingID": "{e7b36d0f-fe7a-4dad-aff2-e3b5a5f51ce5}",
        "FromDate": "20210313",
        "Price": "3104.010000",
        "ToDate": "20210314",
        "TravelID": 16,
        "Type": "Flight",
        "fromdestination": "LAS",
        "fromdestlatitude": "36.0842",
        "fromdestlongitude": "36.0842",
        "todestination": "FRA",
        "todestlatitude": "50.0385",
        "todestlongitude": "8.56448"
    },
    {
        "Airline": "Delta Airlines",
        "BookingID": "{3388b9ae-d240-42ef-bdad-0263c614ef53}",
        "FromDate": "20211012",
        "Price": "3112.120000",
        "ToDate": "20211012",
        "TravelID": 18,
        "Type": "Flight",
        "fromdestination": "MUC",
        "fromdestlatitude": "48.3574",
        "fromdestlongitude": "48.3574",
        "todestination": "LAX",
        "todestlatitude": "33.9443",
        "todestlongitude": "-118.407"
    },
    {
        "Airline": "Indian Airlines",
        "BookingID": "{f0920e5a-273b-4347-b04c-d2d39736fa07}",
        "FromDate": "20210323",
        "Price": "3298.080000",
        "ToDate": "20210323",
        "TravelID": 8,
        "Type": "Flight",
        "fromdestination": "FRA",
        "fromdestlatitude": "50.0385",
        "fromdestlongitude": "50.0385",
        "todestination": "DEL",
        "todestlatitude": "28.5566",
        "todestlongitude": "77.1007"
    },
    {
        "Airline": "Lufthansa",
        "BookingID": "{faa6db7e-dc8b-4b34-8424-07095fe2020e}",
        "FromDate": "20210402",
        "Price": "4543.210000",
        "ToDate": "20210402",
        "TravelID": 8,
        "Type": "Flight",
        "fromdestination": "HND",
        "fromdestlatitude": "35.5503",
        "fromdestlongitude": "35.5503",
        "todestination": "FRA",
        "todestlatitude": "50.0385",
        "todestlongitude": "8.56448"
    },
    {
        "Airline": "Lufthansa",
        "BookingID": "{61f6b4e0-301a-4cdb-9390-f105f38eda44}",
        "FromDate": "20210727",
        "Price": "7764.220000",
        "ToDate": "20210728",
        "TravelID": 20,
        "Type": "Flight",
        "fromdestination": "JNB",
        "fromdestlatitude": "-26.1365",
        "fromdestlongitude": "-26.1365",
        "todestination": "FRA",
        "todestlatitude": "50.0385",
        "todestlongitude": "8.56448"
    },
    {
        "Airline": "Lufthansa",
        "BookingID": "{f44c76bc-e72f-40a5-89db-3f45b2863a30}",
        "FromDate": "20210713",
        "Price": "7905.540000",
        "ToDate": "20210714",
        "TravelID": 20,
        "Type": "Flight",
        "fromdestination": "FRA",
        "fromdestlatitude": "50.0385",
        "fromdestlongitude": "50.0385",
        "todestination": "JNB",
        "todestlatitude": "-26.1365",
        "todestlongitude": "28.2418"
    },
    {
        "Airline": "Lufthansa",
        "BookingID": "{a3efdd4e-8624-4c9c-8f3f-b729f0fa7416}",
        "FromDate": "20211126",
        "Price": "8017.540000",
        "ToDate": "20211127",
        "TravelID": 22,
        "Type": "Flight",
        "fromdestination": "EZE",
        "fromdestlatitude": "-34.8081",
        "fromdestlongitude": "-34.8081",
        "todestination": "FRA",
        "todestlatitude": "50.0385",
        "todestlongitude": "8.56448"
    }
]